Track,Position,No,Driver,Team,Starting Grid,Laps,Time/Retired,Points,Fastest Lap,Year
Bahrain,1,44,Lewis Hamilton,Mercedes,2,56,32:03.9,25,01:34.0,2021
Bahrain,2,33,Max Verstappen,Red Bull Racing Honda,1,56,0.745,18,01:33.2,2021
Bahrain,3,77,Valtteri Bottas,Mercedes,3,56,37.383,16,01:32.1,2021
Bahrain,4,4,Lando Norris,McLaren Mercedes,7,56,46.466,12,01:34.4,2021
Bahrain,5,11,Sergio Perez,Red Bull Racing Honda,11,56,52.047,10,01:34.0,2021
Bahrain,6,16,Charles Leclerc,Ferrari,4,56,59.09,8,01:35.0,2021
Bahrain,7,3,Daniel Ricciardo,McLaren Mercedes,6,56,66.004,6,01:34.9,2021
Bahrain,8,55,Carlos Sainz,Ferrari,8,56,67.1,4,01:34.5,2021
Bahrain,9,22,Yuki Tsunoda,AlphaTauri Honda,13,56,85.692,2,01:34.8,2021
Bahrain,10,18,Lance Stroll,Aston Martin Mercedes,10,56,86.713,1,01:34.9,2021
Bahrain,11,7,Kimi Raikkönen,Alfa Romeo Racing Ferrari,14,56,88.864,0,01:35.2,2021
Bahrain,12,99,Antonio Giovinazzi,Alfa Romeo Racing Ferrari,12,55,+1 lap,0,01:35.1,2021
Bahrain,13,31,Esteban Ocon,Alpine Renault,16,55,+1 lap,0,01:35.3,2021
Bahrain,14,63,George Russell,Williams Mercedes,15,55,+1 lap,0,01:35.0,2021
Bahrain,15,5,Sebastian Vettel,Aston Martin Mercedes,20,55,+1 lap,0,01:35.6,2021
Bahrain,16,47,Mick Schumacher,Haas Ferrari,18,55,+1 lap,0,01:36.1,2021
Bahrain,17,10,Pierre Gasly,AlphaTauri Honda,5,52,DNF,0,01:34.1,2021
Bahrain,18,6,Nicholas Latifi,Williams Mercedes,17,51,DNF,0,01:36.6,2021
Bahrain,NC,14,Fernando Alonso,Alpine Renault,9,32,DNF,0,01:36.1,2021
Bahrain,NC,9,Nikita Mazepin,Haas Ferrari,19,0,DNF,0,N/A,2021
Emilia Romagna,1,33,Max Verstappen,Red Bull Racing Honda,2,63,02:34.6,25,01:17.5,2021
Emilia Romagna,2,44,Lewis Hamilton,Mercedes,1,63,22,19,01:16.7,2021
Emilia Romagna,3,4,Lando Norris,McLaren Mercedes,7,63,23.702,15,01:18.3,2021
Emilia Romagna,4,16,Charles Leclerc,Ferrari,4,63,25.579,12,01:18.4,2021
Emilia Romagna,5,55,Carlos Sainz,Ferrari,11,63,27.036,10,01:18.5,2021
Emilia Romagna,6,3,Daniel Ricciardo,McLaren Mercedes,6,63,51.22,8,01:19.3,2021
Emilia Romagna,7,10,Pierre Gasly,AlphaTauri Honda,5,63,52.818,6,01:18.8,2021
Emilia Romagna,8,18,Lance Stroll,Aston Martin Mercedes,10,63,56.909,4,01:19.0,2021
Emilia Romagna,9,31,Esteban Ocon,Alpine Renault,9,63,65.704,2,01:19.4,2021
Emilia Romagna,10,14,Fernando Alonso,Alpine Renault,15,63,66.561,1,01:19.4,2021
Emilia Romagna,11,11,Sergio Perez,Red Bull Racing Honda,2,63,67.151,0,01:18.3,2021
Emilia Romagna,12,22,Yuki Tsunoda,AlphaTauri Honda,20,63,73.184,0,01:18.4,2021
Emilia Romagna,13,7,Kimi Raikkönen,Alfa Romeo Racing Ferrari,16,63,94.773,0,01:19.4,2021
Emilia Romagna,14,99,Antonio Giovinazzi,Alfa Romeo Racing Ferrari,17,62,+1 lap,0,01:19.5,2021
Emilia Romagna,15,5,Sebastian Vettel,Aston Martin Mercedes,13,61,DNF,0,01:19.1,2021
Emilia Romagna,16,47,Mick Schumacher,Haas Ferrari,18,61,+2 laps,0,01:19.2,2021
Emilia Romagna,17,9,Nikita Mazepin,Haas Ferrari,19,61,+2 laps,0,01:20.4,2021
Emilia Romagna,NC,77,Valtteri Bottas,Mercedes,8,30,DNF,0,01:28.5,2021
Emilia Romagna,NC,63,George Russell,Williams Mercedes,12,30,DNF,0,01:26.5,2021
Emilia Romagna,NC,6,Nicholas Latifi,Williams Mercedes,14,0,DNF,0,N/A,2021
Portugal,1,44,Lewis Hamilton,Mercedes,2,66,34:31.4,25,01:20.9,2021
Portugal,2,33,Max Verstappen,Red Bull Racing Honda,3,66,29.148,18,01:20.7,2021
Portugal,3,77,Valtteri Bottas,Mercedes,1,66,33.53,16,01:19.9,2021
Portugal,4,11,Sergio Perez,Red Bull Racing Honda,4,66,39.735,12,01:20.6,2021
Portugal,5,4,Lando Norris,McLaren Mercedes,7,66,51.369,10,01:21.7,2021
Portugal,6,16,Charles Leclerc,Ferrari,8,66,55.781,8,01:21.5,2021
Portugal,7,31,Esteban Ocon,Alpine Renault,6,66,63.749,6,01:21.9,2021
Portugal,8,14,Fernando Alonso,Alpine Renault,13,66,64.808,4,01:21.0,2021
Portugal,9,3,Daniel Ricciardo,McLaren Mercedes,16,66,75.369,2,01:22.0,2021
Portugal,10,10,Pierre Gasly,AlphaTauri Honda,9,66,76.463,1,01:22.0,2021
Portugal,11,55,Carlos Sainz,Ferrari,5,66,78.955,0,01:22.3,2021
Portugal,12,99,Antonio Giovinazzi,Alfa Romeo Racing Ferrari,12,65,+1 lap,0,01:22.2,2021
Portugal,13,5,Sebastian Vettel,Aston Martin Mercedes,10,65,+1 lap,0,01:22.4,2021
Portugal,14,18,Lance Stroll,Aston Martin Mercedes,17,65,+1 lap,0,01:22.0,2021
Portugal,15,22,Yuki Tsunoda,AlphaTauri Honda,14,65,+1 lap,0,01:22.1,2021
Portugal,16,63,George Russell,Williams Mercedes,11,65,+1 lap,0,01:22.7,2021
Portugal,17,47,Mick Schumacher,Haas Ferrari,19,64,+2 laps,0,01:22.8,2021
Portugal,18,6,Nicholas Latifi,Williams Mercedes,18,64,+2 laps,0,01:23.2,2021
Portugal,19,9,Nikita Mazepin,Haas Ferrari,20,64,+2 laps,0,01:23.6,2021
Portugal,NC,7,Kimi Raikkönen,Alfa Romeo Racing Ferrari,15,1,DNF,0,N/A,2021
Spain,1,44,Lewis Hamilton,Mercedes,1,66,33:07.7,25,01:20.7,2021
Spain,2,33,Max Verstappen,Red Bull Racing Honda,2,66,15.841,19,01:18.1,2021
Spain,3,77,Valtteri Bottas,Mercedes,3,66,26.61,15,01:19.4,2021
Spain,4,16,Charles Leclerc,Ferrari,4,66,54.616,12,01:20.5,2021
Spain,5,11,Sergio Perez,Red Bull Racing Honda,8,66,63.671,10,01:19.5,2021
Spain,6,3,Daniel Ricciardo,McLaren Mercedes,7,66,73.768,8,01:21.9,2021
Spain,7,55,Carlos Sainz,Ferrari,6,66,74.67,6,01:21.6,2021
Spain,8,4,Lando Norris,McLaren Mercedes,9,65,+1 lap,4,01:21.3,2021
Spain,9,31,Esteban Ocon,Alpine Renault,5,65,+1 lap,2,01:23.3,2021
Spain,10,10,Pierre Gasly,AlphaTauri Honda,12,65,+1 lap,1,01:21.4,2021
Spain,11,18,Lance Stroll,Aston Martin Mercedes,11,65,+1 lap,0,01:22.6,2021
Spain,12,7,Kimi Raikkönen,Alfa Romeo Racing Ferrari,17,65,+1 lap,0,01:22.9,2021
Spain,13,5,Sebastian Vettel,Aston Martin Mercedes,13,65,+1 lap,0,01:22.8,2021
Spain,14,63,George Russell,Williams Mercedes,15,65,+1 lap,0,01:23.2,2021
Spain,15,99,Antonio Giovinazzi,Alfa Romeo Racing Ferrari,14,65,+1 lap,0,01:22.8,2021
Spain,16,6,Nicholas Latifi,Williams Mercedes,19,65,+1 lap,0,01:22.9,2021
Spain,17,14,Fernando Alonso,Alpine Renault,10,65,+1 lap,0,01:21.2,2021
Spain,18,47,Mick Schumacher,Haas Ferrari,18,64,+2 laps,0,01:22.6,2021
Spain,19,9,Nikita Mazepin,Haas Ferrari,20,64,+2 laps,0,01:24.0,2021
Spain,NC,22,Yuki Tsunoda,AlphaTauri Honda,16,6,DNF,0,01:24.8,2021
Monaco,1,33,Max Verstappen,Red Bull Racing Honda,2,78,38:56.8,25,01:14.6,2021
Monaco,2,55,Carlos Sainz,Ferrari,4,78,8.968,18,01:14.6,2021
Monaco,3,4,Lando Norris,McLaren Mercedes,5,78,19.427,15,01:14.7,2021
Monaco,4,11,Sergio Perez,Red Bull Racing Honda,9,78,20.49,12,01:14.6,2021
Monaco,5,5,Sebastian Vettel,Aston Martin Mercedes,8,78,52.591,10,01:15.3,2021
Monaco,6,10,Pierre Gasly,AlphaTauri Honda,6,78,53.896,8,01:15.4,2021
Monaco,7,44,Lewis Hamilton,Mercedes,7,78,68.231,7,01:12.9,2021
Monaco,8,18,Lance Stroll,Aston Martin Mercedes,13,77,+1 lap,4,01:14.7,2021
Monaco,9,31,Esteban Ocon,Alpine Renault,11,77,+1 lap,2,01:15.3,2021
Monaco,10,99,Antonio Giovinazzi,Alfa Romeo Racing Ferrari,10,77,+1 lap,1,01:15.3,2021
Monaco,11,7,Kimi Raikkönen,Alfa Romeo Racing Ferrari,14,77,+1 lap,0,01:15.0,2021
Monaco,12,3,Daniel Ricciardo,McLaren Mercedes,12,77,+1 lap,0,01:14.6,2021
Monaco,13,14,Fernando Alonso,Alpine Renault,17,77,+1 lap,0,01:15.0,2021
Monaco,14,63,George Russell,Williams Mercedes,15,77,+1 lap,0,01:15.5,2021
Monaco,15,6,Nicholas Latifi,Williams Mercedes,18,77,+1 lap,0,01:15.4,2021
Monaco,16,22,Yuki Tsunoda,AlphaTauri Honda,16,77,+1 lap,0,01:14.0,2021
Monaco,17,9,Nikita Mazepin,Haas Ferrari,19,75,+3 laps,0,01:16.9,2021
Monaco,18,47,Mick Schumacher,Haas Ferrari,20,75,+3 laps,0,01:16.4,2021
Monaco,NC,77,Valtteri Bottas,Mercedes,3,29,DNF,0,01:15.7,2021
Monaco,NC,16,Charles Leclerc,Ferrari,1,0,DNS,0,N/A,2021
Azerbaijan,1,11,Sergio Perez,Red Bull Racing Honda,6,51,13:36.4,25,01:44.7,2021
Azerbaijan,2,5,Sebastian Vettel,Aston Martin Mercedes,11,51,1.385,18,01:44.9,2021
Azerbaijan,3,10,Pierre Gasly,AlphaTauri Honda,4,51,2.762,15,01:45.2,2021
Azerbaijan,4,16,Charles Leclerc,Ferrari,1,51,3.828,12,01:45.4,2021
Azerbaijan,5,4,Lando Norris,McLaren Mercedes,9,51,4.754,10,01:45.3,2021
Azerbaijan,6,14,Fernando Alonso,Alpine Renault,8,51,6.382,8,01:45.6,2021
Azerbaijan,7,22,Yuki Tsunoda,AlphaTauri Honda,7,51,6.624,6,01:44.9,2021
Azerbaijan,8,55,Carlos Sainz,Ferrari,5,51,7.709,4,01:45.7,2021
Azerbaijan,9,3,Daniel Ricciardo,McLaren Mercedes,13,51,8.874,2,01:45.7,2021
Azerbaijan,10,7,Kimi Raikkönen,Alfa Romeo Racing Ferrari,14,51,9.576,1,01:45.6,2021
Azerbaijan,11,99,Antonio Giovinazzi,Alfa Romeo Racing Ferrari,20,51,10.254,0,01:45.6,2021
Azerbaijan,12,77,Valtteri Bottas,Mercedes,10,51,11.264,0,01:45.7,2021
Azerbaijan,13,47,Mick Schumacher,Haas Ferrari,17,51,14.241,0,01:47.6,2021
Azerbaijan,14,9,Nikita Mazepin,Haas Ferrari,18,51,14.315,0,01:47.7,2021
Azerbaijan,15,44,Lewis Hamilton,Mercedes,2,51,17.668,0,01:44.8,2021
Azerbaijan,16,6,Nicholas Latifi,Williams Mercedes,16,51,42.379,0,01:46.6,2021
Azerbaijan,17,63,George Russell,Williams Mercedes,15,48,DNF,0,01:46.0,2021
Azerbaijan,18,33,Max Verstappen,Red Bull Racing Honda,3,45,DNF,0,01:44.5,2021
Azerbaijan,NC,18,Lance Stroll,Aston Martin Mercedes,19,29,DNF,0,01:46.2,2021
Azerbaijan,NC,31,Esteban Ocon,Alpine Renault,12,3,DNF,0,01:50.9,2021
France,1,33,Max Verstappen,Red Bull Racing Honda,1,53,27:25.8,26,01:36.4,2021
France,2,44,Lewis Hamilton,Mercedes,2,53,2.904,18,01:37.4,2021
France,3,11,Sergio Perez,Red Bull Racing Honda,4,53,8.811,15,01:36.7,2021
France,4,77,Valtteri Bottas,Mercedes,3,53,14.618,12,01:37.0,2021
France,5,4,Lando Norris,McLaren Mercedes,8,53,64.032,10,01:37.4,2021
France,6,3,Daniel Ricciardo,McLaren Mercedes,10,53,75.857,8,01:38.3,2021
France,7,10,Pierre Gasly,AlphaTauri Honda,6,53,76.596,6,01:38.1,2021
France,8,14,Fernando Alonso,Alpine Renault,9,53,77.695,4,01:37.6,2021
France,9,5,Sebastian Vettel,Aston Martin Mercedes,12,53,79.666,2,01:37.1,2021
France,10,18,Lance Stroll,Aston Martin Mercedes,19,53,91.946,1,01:37.8,2021
France,11,55,Carlos Sainz,Ferrari,5,53,99.337,0,01:38.9,2021
France,12,63,George Russell,Williams Mercedes,14,52,+1 lap,0,01:38.3,2021
France,13,22,Yuki Tsunoda,AlphaTauri Honda,20,52,+1 lap,0,01:39.0,2021
France,14,31,Esteban Ocon,Alpine Renault,11,52,+1 lap,0,01:38.6,2021
France,15,99,Antonio Giovinazzi,Alfa Romeo Racing Ferrari,13,52,+1 lap,0,01:38.7,2021
France,16,16,Charles Leclerc,Ferrari,7,52,+1 lap,0,01:37.7,2021
France,17,7,Kimi Raikkönen,Alfa Romeo Racing Ferrari,17,52,+1 lap,0,01:38.0,2021
France,18,6,Nicholas Latifi,Williams Mercedes,16,52,+1 lap,0,01:38.3,2021
France,19,47,Mick Schumacher,Haas Ferrari,15,52,+1 lap,0,01:38.8,2021
France,20,9,Nikita Mazepin,Haas Ferrari,18,52,+1 lap,0,01:39.3,2021
Styria,1,33,Max Verstappen,Red Bull Racing Honda,1,71,22:18.9,25,01:08.0,2021
Styria,2,44,Lewis Hamilton,Mercedes,2,71,35.743,19,01:07.1,2021
Styria,3,77,Valtteri Bottas,Mercedes,5,71,46.907,15,01:08.6,2021
Styria,4,11,Sergio Perez,Red Bull Racing Honda,4,71,47.434,12,01:07.9,2021
Styria,5,4,Lando Norris,McLaren Mercedes,3,70,+1 lap,10,01:08.9,2021
Styria,6,55,Carlos Sainz,Ferrari,12,70,+1 lap,8,01:08.6,2021
Styria,7,16,Charles Leclerc,Ferrari,7,70,+1 lap,6,01:08.7,2021
Styria,8,18,Lance Stroll,Aston Martin Mercedes,9,70,+1 lap,4,01:09.8,2021
Styria,9,14,Fernando Alonso,Alpine Renault,8,70,+1 lap,2,01:09.7,2021
Styria,10,22,Yuki Tsunoda,AlphaTauri Honda,11,70,+1 lap,1,01:09.7,2021
Styria,11,7,Kimi Raikkönen,Alfa Romeo Racing Ferrari,18,70,+1 lap,0,01:09.1,2021
Styria,12,5,Sebastian Vettel,Aston Martin Mercedes,14,70,+1 lap,0,01:09.8,2021
Styria,13,3,Daniel Ricciardo,McLaren Mercedes,13,70,+1 lap,0,01:09.3,2021
Styria,14,31,Esteban Ocon,Alpine Renault,17,70,+1 lap,0,01:09.6,2021
Styria,15,99,Antonio Giovinazzi,Alfa Romeo Racing Ferrari,15,70,+1 lap,0,01:09.7,2021
Styria,16,47,Mick Schumacher,Haas Ferrari,19,69,+2 laps,0,01:10.0,2021
Styria,17,6,Nicholas Latifi,Williams Mercedes,16,68,+3 laps,0,01:10.1,2021
Styria,18,9,Nikita Mazepin,Haas Ferrari,20,68,+3 laps,0,01:11.0,2021
Styria,NC,63,George Russell,Williams Mercedes,10,36,DNF,0,01:10.5,2021
Styria,NC,10,Pierre Gasly,AlphaTauri Honda,6,1,DNF,0,N/A,2021
Austria,1,33,Max Verstappen,Red Bull Racing Honda,1,71,23:54.5,26,01:06.2,2021
Austria,2,77,Valtteri Bottas,Mercedes,5,71,17.973,18,01:08.4,2021
Austria,3,4,Lando Norris,McLaren Mercedes,2,71,20.019,15,01:08.5,2021
Austria,4,44,Lewis Hamilton,Mercedes,4,71,46.452,12,01:08.1,2021
Austria,5,55,Carlos Sainz,Ferrari,10,71,57.144,10,01:07.8,2021
Austria,6,11,Sergio Perez,Red Bull Racing Honda,3,71,57.915,8,01:08.2,2021
Austria,7,3,Daniel Ricciardo,McLaren Mercedes,13,71,60.395,6,01:08.8,2021
Austria,8,16,Charles Leclerc,Ferrari,12,71,61.195,4,01:08.7,2021
Austria,9,10,Pierre Gasly,AlphaTauri Honda,6,71,61.844,2,01:08.1,2021
Austria,10,14,Fernando Alonso,Alpine Renault,14,70,+1 lap,1,01:08.4,2021
Austria,11,63,George Russell,Williams Mercedes,8,70,+1 lap,0,01:08.9,2021
Austria,12,22,Yuki Tsunoda,AlphaTauri Honda,7,70,+1 lap,0,01:08.5,2021
Austria,13,18,Lance Stroll,Aston Martin Mercedes,9,70,+1 lap,0,01:08.7,2021
Austria,14,99,Antonio Giovinazzi,Alfa Romeo Racing Ferrari,15,70,+1 lap,0,01:09.0,2021
Austria,15,7,Kimi Raikkönen,Alfa Romeo Racing Ferrari,16,70,+1 lap,0,01:08.5,2021
Austria,16,6,Nicholas Latifi,Williams Mercedes,18,70,+1 lap,0,01:08.9,2021
Austria,17,5,Sebastian Vettel,Aston Martin Mercedes,11,69,DNF,0,01:08.4,2021
Austria,18,47,Mick Schumacher,Haas Ferrari,19,69,+2 laps,0,01:09.4,2021
Austria,19,9,Nikita Mazepin,Haas Ferrari,20,69,+2 laps,0,01:09.8,2021
Austria,NC,31,Esteban Ocon,Alpine Renault,17,0,DNF,0,N/A,2021
Great Britain,1,44,Lewis Hamilton,Mercedes,2,52,58:23.3,25,01:29.7,2021
Great Britain,2,16,Charles Leclerc,Ferrari,4,52,3.871,18,01:30.6,2021
Great Britain,3,77,Valtteri Bottas,Mercedes,3,52,11.215,15,01:30.5,2021
Great Britain,4,4,Lando Norris,McLaren Mercedes,5,52,28.573,12,01:31.4,2021
Great Britain,5,3,Daniel Ricciardo,McLaren Mercedes,6,52,42.624,10,01:31.3,2021
Great Britain,6,55,Carlos Sainz,Ferrari,10,52,43.454,8,01:31.2,2021
Great Britain,7,14,Fernando Alonso,Alpine Renault,7,52,72.093,6,01:31.7,2021
Great Britain,8,18,Lance Stroll,Aston Martin Mercedes,14,52,74.289,4,01:32.0,2021
Great Britain,9,31,Esteban Ocon,Alpine Renault,9,52,76.162,2,01:32.2,2021
Great Britain,10,22,Yuki Tsunoda,AlphaTauri Honda,,52,82.065,1,01:30.8,2021
Great Britain,11,10,Pierre Gasly,AlphaTauri Honda,11,52,85.327,0,01:30.3,2021
Great Britain,12,63,George Russell,Williams Mercedes,12,51,+1 lap,0,01:32.0,2021
Great Britain,13,99,Antonio Giovinazzi,Alfa Romeo Racing Ferrari,15,51,+1 lap,0,01:32.3,2021
Great Britain,14,6,Nicholas Latifi,Williams Mercedes,17,51,+1 lap,0,01:32.5,2021
Great Britain,15,7,Kimi Raikkönen,Alfa Romeo Racing Ferrari,13,51,+1 lap,0,01:31.9,2021
Great Britain,16,11,Sergio Perez,Red Bull Racing Honda,20,51,+1 lap,0,01:28.6,2021
Great Britain,17,9,Nikita Mazepin,Haas Ferrari,19,51,+1 lap,0,01:32.9,2021
Great Britain,18,47,Mick Schumacher,Haas Ferrari,18,51,+1 lap,0,01:32.9,2021
Great Britain,NC,5,Sebastian Vettel,Aston Martin Mercedes,8,40,DNF,0,01:33.1,2021
Great Britain,NC,33,Max Verstappen,Red Bull Racing Honda,1,0,DNF,0,N/A,2021
Hungary,1,31,Esteban Ocon,Alpine Renault,8,70,04:43.2,25,01:21.4,2021
Hungary,DQ,5,Sebastian Vettel,Aston Martin Mercedes,10,70,1.859,0,01:21.5,2021
Hungary,2,44,Lewis Hamilton,Mercedes,1,70,2.736,18,01:18.7,2021
Hungary,3,55,Carlos Sainz,Ferrari,15,70,15.018,15,01:21.4,2021
Hungary,4,14,Fernando Alonso,Alpine Renault,9,70,15.651,12,01:20.4,2021
Hungary,5,10,Pierre Gasly,AlphaTauri Honda,5,70,63.614,11,01:18.4,2021
Hungary,6,22,Yuki Tsunoda,AlphaTauri Honda,16,70,75.803,8,01:22.5,2021
Hungary,7,6,Nicholas Latifi,Williams Mercedes,18,70,77.91,6,01:22.8,2021
Hungary,8,63,George Russell,Williams Mercedes,17,70,79.094,4,01:22.1,2021
Hungary,9,33,Max Verstappen,Red Bull Racing Honda,3,70,80.244,2,01:20.9,2021
Hungary,10,7,Kimi Raikkönen,Alfa Romeo Racing Ferrari,13,69,+1 lap,1,01:21.5,2021
Hungary,11,3,Daniel Ricciardo,McLaren Mercedes,11,69,+1 lap,0,01:22.8,2021
Hungary,12,47,Mick Schumacher,Haas Ferrari,20,69,+1 lap,0,01:22.7,2021
Hungary,13,99,Antonio Giovinazzi,Alfa Romeo Racing Ferrari,14,69,+1 lap,0,01:22.7,2021
Hungary,NC,9,Nikita Mazepin,Haas Ferrari,19,3,DNF,0,N/A,2021
Hungary,NC,4,Lando Norris,McLaren Mercedes,6,2,DNF,0,N/A,2021
Hungary,NC,77,Valtteri Bottas,Mercedes,2,0,DNF,0,N/A,2021
Hungary,NC,11,Sergio Perez,Red Bull Racing Honda,4,0,DNF,0,N/A,2021
Hungary,NC,16,Charles Leclerc,Ferrari,7,0,DNF,0,N/A,2021
Hungary,NC,18,Lance Stroll,Aston Martin Mercedes,12,0,DNF,0,N/A,2021
Belgium,1,33,Max Verstappen,Red Bull Racing Honda,1,1,03:27.1,12.5,N/A,2021
Belgium,2,63,George Russell,Williams Mercedes,2,1,1.995,9,N/A,2021
Belgium,3,44,Lewis Hamilton,Mercedes,3,1,2.601,7.5,N/A,2021
Belgium,4,3,Daniel Ricciardo,McLaren Mercedes,4,1,4.496,6,N/A,2021
Belgium,5,5,Sebastian Vettel,Aston Martin Mercedes,5,1,7.479,5,N/A,2021
Belgium,6,10,Pierre Gasly,AlphaTauri Honda,6,1,10.177,4,N/A,2021
Belgium,7,31,Esteban Ocon,Alpine Renault,8,1,11.579,3,N/A,2021
Belgium,8,16,Charles Leclerc,Ferrari,9,1,12.608,2,N/A,2021
Belgium,9,6,Nicholas Latifi,Williams Mercedes,10,1,15.484,1,N/A,2021
Belgium,10,55,Carlos Sainz,Ferrari,11,1,16.166,0.5,N/A,2021
Belgium,11,14,Fernando Alonso,Alpine Renault,12,1,20.59,0,N/A,2021
Belgium,12,77,Valtteri Bottas,Mercedes,13,1,22.414,0,N/A,2021
Belgium,13,99,Antonio Giovinazzi,Alfa Romeo Racing Ferrari,14,1,24.163,0,N/A,2021
Belgium,14,4,Lando Norris,McLaren Mercedes,15,1,27.109,0,N/A,2021
Belgium,15,22,Yuki Tsunoda,AlphaTauri Honda,16,1,28.329,0,N/A,2021
Belgium,16,47,Mick Schumacher,Haas Ferrari,17,1,29.507,0,N/A,2021
Belgium,17,9,Nikita Mazepin,Haas Ferrari,18,1,31.993,0,N/A,2021
Belgium,18,7,Kimi Raikkönen,Alfa Romeo Racing Ferrari,20,1,36.054,0,N/A,2021
Belgium,19,11,Sergio Perez,Red Bull Racing Honda,7,1,38.205,0,N/A,2021
Belgium,20,18,Lance Stroll,Aston Martin Mercedes,19,1,44.108,0,N/A,2021
Netherlands,1,33,Max Verstappen,Red Bull Racing Honda,1,72,30:05.4,25,01:13.3,2021
Netherlands,2,44,Lewis Hamilton,Mercedes,2,72,20.932,19,01:11.1,2021
Netherlands,3,77,Valtteri Bottas,Mercedes,3,72,56.46,15,01:12.5,2021
Netherlands,4,10,Pierre Gasly,AlphaTauri Honda,4,71,+1 lap,12,01:14.8,2021
Netherlands,5,16,Charles Leclerc,Ferrari,5,71,+1 lap,10,01:14.8,2021
Netherlands,6,14,Fernando Alonso,Alpine Renault,9,71,+1 lap,8,01:14.3,2021
Netherlands,7,55,Carlos Sainz,Ferrari,6,71,+1 lap,6,01:15.3,2021
Netherlands,8,11,Sergio Perez,Red Bull Racing Honda,20,71,+1 lap,4,01:13.5,2021
Netherlands,9,31,Esteban Ocon,Alpine Renault,8,71,+1 lap,2,01:14.7,2021
Netherlands,10,4,Lando Norris,McLaren Mercedes,13,71,+1 lap,1,01:14.2,2021
Netherlands,11,3,Daniel Ricciardo,McLaren Mercedes,10,71,+1 lap,0,01:14.9,2021
Netherlands,12,18,Lance Stroll,Aston Martin Mercedes,12,70,+2 laps,0,01:15.6,2021
Netherlands,13,5,Sebastian Vettel,Aston Martin Mercedes,15,70,+2 laps,0,01:14.0,2021
Netherlands,14,99,Antonio Giovinazzi,Alfa Romeo Racing Ferrari,7,70,+2 laps,0,01:15.1,2021
Netherlands,15,88,Robert Kubica,Alfa Romeo Racing Ferrari,16,70,+2 laps,0,01:15.4,2021
Netherlands,16,6,Nicholas Latifi,Williams Mercedes,19,70,+2 laps,0,01:15.8,2021
Netherlands,17,63,George Russell,Williams Mercedes,11,69,DNF,0,01:15.6,2021
Netherlands,18,47,Mick Schumacher,Haas Ferrari,17,69,+3 laps,0,01:15.9,2021
Netherlands,NC,22,Yuki Tsunoda,AlphaTauri Honda,14,48,DNF,0,01:15.8,2021
Netherlands,NC,9,Nikita Mazepin,Haas Ferrari,18,41,DNF,0,01:16.1,2021
Italy,1,3,Daniel Ricciardo,McLaren Mercedes,2,53,21:54.4,26,01:24.8,2021
Italy,2,4,Lando Norris,McLaren Mercedes,3,53,1.747,18,01:25.0,2021
Italy,3,77,Valtteri Bottas,Mercedes,19,53,4.921,15,01:24.9,2021
Italy,4,16,Charles Leclerc,Ferrari,5,53,7.309,12,01:25.3,2021
Italy,5,11,Sergio Perez,Red Bull Racing Honda,8,53,8.723,10,01:25.2,2021
Italy,6,55,Carlos Sainz,Ferrari,6,53,10.535,8,01:25.6,2021
Italy,7,18,Lance Stroll,Aston Martin Mercedes,9,53,15.804,6,01:25.9,2021
Italy,8,14,Fernando Alonso,Alpine Renault,10,53,17.201,4,01:25.5,2021
Italy,9,63,George Russell,Williams Mercedes,14,53,19.742,2,01:25.8,2021
Italy,10,31,Esteban Ocon,Alpine Renault,12,53,20.868,1,01:25.6,2021
Italy,11,6,Nicholas Latifi,Williams Mercedes,13,53,23.743,0,01:26.0,2021
Italy,12,5,Sebastian Vettel,Aston Martin Mercedes,11,53,24.601,0,01:25.9,2021
Italy,13,99,Antonio Giovinazzi,Alfa Romeo Racing Ferrari,7,53,27.216,0,01:25.7,2021
Italy,14,88,Robert Kubica,Alfa Romeo Racing Ferrari,17,53,29.769,0,01:25.8,2021
Italy,15,47,Mick Schumacher,Haas Ferrari,18,53,51.088,0,01:26.7,2021
Italy,NC,9,Nikita Mazepin,Haas Ferrari,16,41,DNF,0,01:27.2,2021
Italy,NC,44,Lewis Hamilton,Mercedes,4,25,DNF,0,01:25.9,2021
Italy,NC,33,Max Verstappen,Red Bull Racing Honda,1,25,DNF,0,01:25.2,2021
Italy,NC,10,Pierre Gasly,AlphaTauri Honda,20,3,DNF,0,01:29.0,2021
Italy,NC,22,Yuki Tsunoda,AlphaTauri Honda,15,0,DNS,0,N/A,2021
Russia,1,44,Lewis Hamilton,Mercedes,4,53,30:41.0,25,01:37.6,2021
Russia,2,33,Max Verstappen,Red Bull Racing Honda,20,53,53.271,18,01:38.4,2021
Russia,3,55,Carlos Sainz,Ferrari,2,53,62.475,15,01:39.3,2021
Russia,4,3,Daniel Ricciardo,McLaren Mercedes,5,53,65.607,12,01:39.1,2021
Russia,5,77,Valtteri Bottas,Mercedes,16,53,67.533,10,01:38.2,2021
Russia,6,14,Fernando Alonso,Alpine Renault,6,53,81.321,8,01:38.7,2021
Russia,7,4,Lando Norris,McLaren Mercedes,1,53,87.224,7,01:37.4,2021
Russia,8,7,Kimi Raikkönen,Alfa Romeo Racing Ferrari,13,53,88.955,4,01:40.3,2021
Russia,9,11,Sergio Perez,Red Bull Racing Honda,8,53,90.076,2,01:39.2,2021
Russia,10,63,George Russell,Williams Mercedes,3,53,100.551,1,01:40.6,2021
Russia,11,18,Lance Stroll,Aston Martin Mercedes,7,53,116.198,0,01:40.5,2021
Russia,12,5,Sebastian Vettel,Aston Martin Mercedes,10,52,+1 lap,0,01:39.3,2021
Russia,13,10,Pierre Gasly,AlphaTauri Honda,11,52,+1 lap,0,01:38.3,2021
Russia,14,31,Esteban Ocon,Alpine Renault,9,52,+1 lap,0,01:40.6,2021
Russia,15,16,Charles Leclerc,Ferrari,19,52,+1 lap,0,01:39.0,2021
Russia,16,99,Antonio Giovinazzi,Alfa Romeo Racing Ferrari,17,52,+1 lap,0,01:39.1,2021
Russia,17,22,Yuki Tsunoda,AlphaTauri Honda,12,52,+1 lap,0,01:40.0,2021
Russia,18,9,Nikita Mazepin,Haas Ferrari,15,51,+2 laps,0,01:41.7,2021
Russia,19,6,Nicholas Latifi,Williams Mercedes,18,47,DNF,0,01:40.0,2021
Russia,NC,47,Mick Schumacher,Haas Ferrari,14,32,DNF,0,01:40.3,2021
Turkey,1,77,Valtteri Bottas,Mercedes,1,58,31:04.1,26,01:30.4,2021
Turkey,2,33,Max Verstappen,Red Bull Racing Honda,2,58,14.584,18,01:32.8,2021
Turkey,3,11,Sergio Perez,Red Bull Racing Honda,6,58,33.471,15,01:32.5,2021
Turkey,4,16,Charles Leclerc,Ferrari,3,58,37.814,12,01:32.7,2021
Turkey,5,44,Lewis Hamilton,Mercedes,11,58,41.812,10,01:32.8,2021
Turkey,6,10,Pierre Gasly,AlphaTauri Honda,4,58,44.292,8,01:32.8,2021
Turkey,7,4,Lando Norris,McLaren Mercedes,7,58,47.213,6,01:32.4,2021
Turkey,8,55,Carlos Sainz,Ferrari,19,58,51.526,4,01:31.9,2021
Turkey,9,18,Lance Stroll,Aston Martin Mercedes,8,58,82.018,2,01:32.6,2021
Turkey,10,31,Esteban Ocon,Alpine Renault,12,57,+1 lap,1,01:34.6,2021
Turkey,11,99,Antonio Giovinazzi,Alfa Romeo Racing Ferrari,16,57,+1 lap,0,01:32.9,2021
Turkey,12,7,Kimi Raikkönen,Alfa Romeo Racing Ferrari,17,57,+1 lap,0,01:32.6,2021
Turkey,13,3,Daniel Ricciardo,McLaren Mercedes,20,57,+1 lap,0,01:33.3,2021
Turkey,14,22,Yuki Tsunoda,AlphaTauri Honda,9,57,+1 lap,0,01:32.8,2021
Turkey,15,63,George Russell,Williams Mercedes,13,57,+1 lap,0,01:33.4,2021
Turkey,16,14,Fernando Alonso,Alpine Renault,5,57,+1 lap,0,01:33.3,2021
Turkey,17,6,Nicholas Latifi,Williams Mercedes,15,57,+1 lap,0,01:33.7,2021
Turkey,18,5,Sebastian Vettel,Aston Martin Mercedes,10,57,+1 lap,0,01:32.7,2021
Turkey,19,47,Mick Schumacher,Haas Ferrari,14,56,+2 laps,0,01:34.2,2021
Turkey,20,9,Nikita Mazepin,Haas Ferrari,18,56,+2 laps,0,01:35.4,2021
United States,1,33,Max Verstappen,Red Bull Racing Honda,1,56,34:36.6,25,01:39.1,2021
United States,2,44,Lewis Hamilton,Mercedes,2,56,1.333,19,01:38.5,2021
United States,3,11,Sergio Perez,Red Bull Racing Honda,3,56,42.223,15,01:39.6,2021
United States,4,16,Charles Leclerc,Ferrari,4,56,52.246,12,01:39.3,2021
United States,5,3,Daniel Ricciardo,McLaren Mercedes,6,56,76.854,10,01:40.3,2021
United States,6,77,Valtteri Bottas,Mercedes,9,56,80.128,8,01:40.1,2021
United States,7,55,Carlos Sainz,Ferrari,5,56,83.545,6,01:40.4,2021
United States,8,4,Lando Norris,McLaren Mercedes,7,56,94.395,4,01:40.2,2021
United States,9,22,Yuki Tsunoda,AlphaTauri Honda,10,55,+1 lap,2,01:41.2,2021
United States,10,5,Sebastian Vettel,Aston Martin Mercedes,18,55,+1 lap,1,01:41.1,2021
United States,11,99,Antonio Giovinazzi,Alfa Romeo Racing Ferrari,12,55,+1 lap,0,01:41.1,2021
United States,12,18,Lance Stroll,Aston Martin Mercedes,13,55,+1 lap,0,01:41.2,2021
United States,13,7,Kimi Raikkönen,Alfa Romeo Racing Ferrari,15,55,+1 lap,0,01:41.3,2021
United States,14,63,George Russell,Williams Mercedes,20,55,+1 lap,0,01:41.1,2021
United States,15,6,Nicholas Latifi,Williams Mercedes,14,55,+1 lap,0,01:41.8,2021
United States,16,47,Mick Schumacher,Haas Ferrari,16,54,+2 laps,0,01:41.4,2021
United States,17,9,Nikita Mazepin,Haas Ferrari,17,54,+2 laps,0,01:42.9,2021
United States,NC,14,Fernando Alonso,Alpine Renault,19,49,DNF,0,01:40.1,2021
United States,NC,31,Esteban Ocon,Alpine Renault,11,40,DNF,0,01:42.2,2021
United States,NC,10,Pierre Gasly,AlphaTauri Honda,8,14,DNF,0,01:42.0,2021
Mexico,1,33,Max Verstappen,Red Bull Racing Honda,3,71,38:39.1,25,01:19.0,2021
Mexico,2,44,Lewis Hamilton,Mercedes,2,71,16.555,18,01:19.8,2021
Mexico,3,11,Sergio Perez,Red Bull Racing Honda,4,71,17.752,15,01:19.5,2021
Mexico,4,10,Pierre Gasly,AlphaTauri Honda,5,71,63.845,12,01:20.5,2021
Mexico,5,16,Charles Leclerc,Ferrari,8,71,81.037,10,01:20.7,2021
Mexico,6,55,Carlos Sainz,Ferrari,6,70,+1 lap,8,01:20.1,2021
Mexico,7,5,Sebastian Vettel,Aston Martin Mercedes,9,70,+1 lap,6,01:20.5,2021
Mexico,8,7,Kimi Raikkönen,Alfa Romeo Racing Ferrari,10,70,+1 lap,4,01:20.7,2021
Mexico,9,14,Fernando Alonso,Alpine Renault,12,70,+1 lap,2,01:20.7,2021
Mexico,10,4,Lando Norris,McLaren Mercedes,18,70,+1 lap,1,01:20.6,2021
Mexico,11,99,Antonio Giovinazzi,Alfa Romeo Racing Ferrari,11,70,+1 lap,0,01:21.5,2021
Mexico,12,3,Daniel Ricciardo,McLaren Mercedes,7,70,+1 lap,0,01:21.1,2021
Mexico,13,31,Esteban Ocon,Alpine Renault,19,70,+1 lap,0,01:21.3,2021
Mexico,14,18,Lance Stroll,Aston Martin Mercedes,20,69,+2 laps,0,01:20.9,2021
Mexico,15,77,Valtteri Bottas,Mercedes,1,69,+2 laps,0,01:17.8,2021
Mexico,16,63,George Russell,Williams Mercedes,16,69,+2 laps,0,01:22.0,2021
Mexico,17,6,Nicholas Latifi,Williams Mercedes,13,69,+2 laps,0,01:21.5,2021
Mexico,18,9,Nikita Mazepin,Haas Ferrari,15,68,+3 laps,0,01:21.4,2021
Mexico,NC,47,Mick Schumacher,Haas Ferrari,14,0,DNF,0,N/A,2021
Mexico,NC,22,Yuki Tsunoda,AlphaTauri Honda,17,0,DNF,0,N/A,2021
Brazil,1,44,Lewis Hamilton,Mercedes,10,71,32:22.9,25,01:12.0,2021
Brazil,2,33,Max Verstappen,Red Bull Racing Honda,2,71,10.496,18,01:12.5,2021
Brazil,3,77,Valtteri Bottas,Mercedes,1,71,13.576,15,01:12.5,2021
Brazil,4,11,Sergio Perez,Red Bull Racing Honda,4,71,39.94,13,01:11.0,2021
Brazil,5,16,Charles Leclerc,Ferrari,6,71,49.517,10,01:12.8,2021
Brazil,6,55,Carlos Sainz,Ferrari,3,71,51.82,8,01:12.7,2021
Brazil,7,10,Pierre Gasly,AlphaTauri Honda,7,70,+1 lap,6,01:13.2,2021
Brazil,8,31,Esteban Ocon,Alpine Renault,8,70,+1 lap,4,01:14.4,2021
Brazil,9,14,Fernando Alonso,Alpine Renault,12,70,+1 lap,2,01:13.9,2021
Brazil,10,4,Lando Norris,McLaren Mercedes,5,70,+1 lap,1,01:13.8,2021
Brazil,11,5,Sebastian Vettel,Aston Martin Mercedes,9,70,+1 lap,0,01:13.6,2021
Brazil,12,7,Kimi Raikkönen,Alfa Romeo Racing Ferrari,20,70,+1 lap,0,01:12.6,2021
Brazil,13,63,George Russell,Williams Mercedes,17,70,+1 lap,0,01:14.4,2021
Brazil,14,99,Antonio Giovinazzi,Alfa Romeo Racing Ferrari,13,70,+1 lap,0,01:14.2,2021
Brazil,15,22,Yuki Tsunoda,AlphaTauri Honda,15,70,+1 lap,0,01:14.2,2021
Brazil,16,6,Nicholas Latifi,Williams Mercedes,16,70,+1 lap,0,01:14.6,2021
Brazil,17,9,Nikita Mazepin,Haas Ferrari,19,69,+2 laps,0,01:15.0,2021
Brazil,18,47,Mick Schumacher,Haas Ferrari,18,69,+2 laps,0,01:13.8,2021
Brazil,NC,3,Daniel Ricciardo,McLaren Mercedes,11,49,DNF,0,01:14.4,2021
Brazil,NC,18,Lance Stroll,Aston Martin Mercedes,14,47,DNF,0,01:15.3,2021
Qatar,1,44,Lewis Hamilton,Mercedes,1,57,24:28.5,25,01:25.1,2021
Qatar,2,33,Max Verstappen,Red Bull Racing Honda,7,57,25.743,19,01:23.2,2021
Qatar,3,14,Fernando Alonso,Alpine Renault,3,57,59.457,15,01:26.7,2021
Qatar,4,11,Sergio Perez,Red Bull Racing Honda,11,57,62.306,12,01:25.6,2021
Qatar,5,31,Esteban Ocon,Alpine Renault,9,57,80.57,10,01:27.1,2021
Qatar,6,18,Lance Stroll,Aston Martin Mercedes,12,57,81.274,8,01:27.4,2021
Qatar,7,55,Carlos Sainz,Ferrari,5,57,81.911,6,01:26.6,2021
Qatar,8,16,Charles Leclerc,Ferrari,13,57,83.126,4,01:26.6,2021
Qatar,9,4,Lando Norris,McLaren Mercedes,4,56,+1 lap,2,01:25.7,2021
Qatar,10,5,Sebastian Vettel,Aston Martin Mercedes,10,56,+1 lap,1,01:26.4,2021
Qatar,11,10,Pierre Gasly,AlphaTauri Honda,2,56,+1 lap,0,01:27.0,2021
Qatar,12,3,Daniel Ricciardo,McLaren Mercedes,14,56,+1 lap,0,01:27.2,2021
Qatar,13,22,Yuki Tsunoda,AlphaTauri Honda,8,56,+1 lap,0,01:27.0,2021
Qatar,14,7,Kimi Raikkönen,Alfa Romeo Racing Ferrari,16,56,+1 lap,0,01:26.4,2021
Qatar,15,99,Antonio Giovinazzi,Alfa Romeo Racing Ferrari,18,56,+1 lap,0,01:27.8,2021
Qatar,16,47,Mick Schumacher,Haas Ferrari,19,56,+1 lap,0,01:28.4,2021
Qatar,17,63,George Russell,Williams Mercedes,15,55,+2 laps,0,01:25.8,2021
Qatar,18,9,Nikita Mazepin,Haas Ferrari,20,55,+2 laps,0,01:27.3,2021
Qatar,NC,6,Nicholas Latifi,Williams Mercedes,17,50,DNF,0,01:28.7,2021
Qatar,NC,77,Valtteri Bottas,Mercedes,6,48,DNF,0,01:27.2,2021
Saudi Arabia,1,44,Lewis Hamilton,Mercedes,1,50,06:15.1,26,01:30.7,2021
Saudi Arabia,2,33,Max Verstappen,Red Bull Racing Honda,3,50,21.825,18,01:31.5,2021
Saudi Arabia,3,77,Valtteri Bottas,Mercedes,2,50,27.531,15,01:31.4,2021
Saudi Arabia,4,31,Esteban Ocon,Alpine Renault,9,50,27.633,12,01:31.8,2021
Saudi Arabia,5,3,Daniel Ricciardo,McLaren Mercedes,11,50,40.121,10,01:32.7,2021
Saudi Arabia,6,10,Pierre Gasly,AlphaTauri Honda,6,50,41.613,8,01:32.3,2021
Saudi Arabia,7,16,Charles Leclerc,Ferrari,4,50,44.475,6,01:31.6,2021
Saudi Arabia,8,55,Carlos Sainz,Ferrari,15,50,46.606,4,01:31.9,2021
Saudi Arabia,9,99,Antonio Giovinazzi,Alfa Romeo Racing Ferrari,10,50,58.505,2,01:32.9,2021
Saudi Arabia,10,4,Lando Norris,McLaren Mercedes,7,50,61.358,1,01:31.9,2021
Saudi Arabia,11,18,Lance Stroll,Aston Martin Mercedes,18,50,77.212,0,01:32.8,2021
Saudi Arabia,12,6,Nicholas Latifi,Williams Mercedes,16,50,83.249,0,01:32.8,2021
Saudi Arabia,13,14,Fernando Alonso,Alpine Renault,13,49,+1 lap,0,01:31.6,2021
Saudi Arabia,14,22,Yuki Tsunoda,AlphaTauri Honda,8,49,+1 lap,0,01:32.5,2021
Saudi Arabia,15,7,Kimi Raikkönen,Alfa Romeo Racing Ferrari,12,49,+1 lap,0,01:32.8,2021
Saudi Arabia,NC,5,Sebastian Vettel,Aston Martin Mercedes,17,44,DNF,0,01:34.0,2021
Saudi Arabia,NC,11,Sergio Perez,Red Bull Racing Honda,5,14,DNF,0,01:34.1,2021
Saudi Arabia,NC,9,Nikita Mazepin,Haas Ferrari,20,14,DNF,0,01:37.0,2021
Saudi Arabia,NC,63,George Russell,Williams Mercedes,14,14,DNF,0,01:36.1,2021
Saudi Arabia,NC,47,Mick Schumacher,Haas Ferrari,19,8,DNF,0,01:36.0,2021
Abu Dhabi,1,33,Max Verstappen,Red Bull Racing Honda,1,58,30:17.3,26,01:26.1,2021
Abu Dhabi,2,44,Lewis Hamilton,Mercedes,2,58,2.256,18,01:26.6,2021
Abu Dhabi,3,55,Carlos Sainz,Ferrari,5,58,5.173,15,01:27.6,2021
Abu Dhabi,4,22,Yuki Tsunoda,AlphaTauri Honda,8,58,5.692,12,01:27.5,2021
Abu Dhabi,5,10,Pierre Gasly,AlphaTauri Honda,12,58,6.531,10,01:27.3,2021
Abu Dhabi,6,77,Valtteri Bottas,Mercedes,6,58,7.463,8,01:26.9,2021
Abu Dhabi,7,4,Lando Norris,McLaren Mercedes,3,58,59.2,6,01:26.8,2021
Abu Dhabi,8,14,Fernando Alonso,Alpine Renault,11,58,61.708,4,01:27.6,2021
Abu Dhabi,9,31,Esteban Ocon,Alpine Renault,9,58,64.026,2,01:28.2,2021
Abu Dhabi,10,16,Charles Leclerc,Ferrari,7,58,66.057,1,01:28.4,2021
Abu Dhabi,11,5,Sebastian Vettel,Aston Martin Mercedes,15,58,67.527,0,01:28.3,2021
Abu Dhabi,12,3,Daniel Ricciardo,McLaren Mercedes,10,57,+1 lap,0,01:28.7,2021
Abu Dhabi,13,18,Lance Stroll,Aston Martin Mercedes,13,57,+1 lap,0,01:28.6,2021
Abu Dhabi,14,47,Mick Schumacher,Haas Ferrari,19,57,+1 lap,0,01:29.5,2021
Abu Dhabi,15,11,Sergio Perez,Red Bull Racing Honda,4,55,DNF,0,01:26.4,2021
Abu Dhabi,NC,6,Nicholas Latifi,Williams Mercedes,16,50,DNF,0,01:29.3,2021
Abu Dhabi,NC,99,Antonio Giovinazzi,Alfa Romeo Racing Ferrari,14,33,DNF,0,01:29.4,2021
Abu Dhabi,NC,63,George Russell,Williams Mercedes,17,26,DNF,0,01:30.6,2021
Abu Dhabi,NC,7,Kimi Raikkönen,Alfa Romeo Racing Ferrari,18,25,DNF,0,01:29.7,2021
Abu Dhabi,NC,9,Nikita Mazepin,Haas Ferrari,20,0,DNS,0,N/A,2021
Bahrain,1,1,Max Verstappen,Red Bull Racing Honda,1,57,33:56.7,25,01:36.2,2023
Bahrain,2,11,Sergio Perez,Red Bull Racing Honda,2,57,11.987,18,01:36.3,2023
Bahrain,3,14,Fernando Alonso,Aston Martin Aramco Mercedes,5,57,38.637,15,01:36.2,2023
Bahrain,4,55,Carlos Sainz,Ferrari,4,57,48.052,12,01:37.1,2023
Bahrain,5,44,Lewis Hamilton,Mercedes,7,57,50.977,10,01:36.5,2023
Bahrain,6,18,Lance Stroll,Aston Martin Aramco Mercedes,8,57,54.502,8,01:36.5,2023
Bahrain,7,63,George Russell,Mercedes,6,57,55.873,6,01:37.2,2023
Bahrain,8,77,Valtteri Bottas,Alfa Romeo Ferrari,12,57,72.647,4,01:37.4,2023
Bahrain,9,10,Pierre Gasly,Alpine Renault,20,57,73.753,2,01:35.1,2023
Bahrain,10,23,Alexander Albon,Williams Mercedes,15,57,89.774,1,01:37.1,2023
Bahrain,11,22,Yuki Tsunoda,AlphaTauri Honda RBPT,14,57,90.87,0,01:36.6,2023
Bahrain,12,2,Logan Sargeant,Williams Mercedes,16,56,+1 lap,0,01:36.0,2023
Bahrain,13,20,Kevin Magnussen,Haas Ferrari,17,56,+1 lap,0,01:36.5,2023
Bahrain,14,21,Nyck De Vries,AlphaTauri Honda RBPT,19,56,+1 lap,0,01:37.7,2023
Bahrain,15,27,Nico Hulkenberg,Haas Ferrari,10,56,+1 lap,0,01:36.6,2023
Bahrain,16,24,Guanyu Zhou,Alfa Romeo Ferrari,13,56,+1 lap,0,01:34.0,2023
Bahrain,17,4,Lando Norris,McLaren Mercedes,11,55,+2 laps,0,01:35.8,2023
Bahrain,NC,31,Esteban Ocon,Alpine Renault,9,41,DNF,0,01:36.8,2023
Bahrain,NC,16,Charles Leclerc,Ferrari,3,39,DNF,0,01:37.2,2023
Bahrain,NC,81,Oscar Piastri,McLaren Mercedes,18,13,DNF,0,01:40.7,2023
Saudi Arabia,1,11,Sergio Perez,Red Bull Racing Honda,1,50,21:14.9,25,01:32.2,2023
Saudi Arabia,2,1,Max Verstappen,Red Bull Racing Honda,15,50,5.335,19,01:31.9,2023
Saudi Arabia,3,14,Fernando Alonso,Aston Martin Aramco Mercedes,2,50,20.728,15,01:32.2,2023
Saudi Arabia,4,63,George Russell,Mercedes,3,50,25.866,12,01:32.4,2023
Saudi Arabia,5,44,Lewis Hamilton,Mercedes,7,50,31.065,10,01:32.9,2023
Saudi Arabia,6,55,Carlos Sainz,Ferrari,4,50,35.876,8,01:32.8,2023
Saudi Arabia,7,16,Charles Leclerc,Ferrari,12,50,43.162,6,01:33.1,2023
Saudi Arabia,8,31,Esteban Ocon,Alpine Renault,6,50,52.832,4,01:33.2,2023
Saudi Arabia,9,10,Pierre Gasly,Alpine Renault,9,50,54.747,2,01:33.4,2023
Saudi Arabia,10,20,Kevin Magnussen,Haas Ferrari,13,50,64.826,1,01:33.4,2023
Saudi Arabia,11,22,Yuki Tsunoda,AlphaTauri Honda RBPT,16,50,67.494,0,01:33.9,2023
Saudi Arabia,12,27,Nico Hulkenberg,Haas Ferrari,10,50,70.588,0,01:33.8,2023
Saudi Arabia,13,24,Guanyu Zhou,Alfa Romeo Ferrari,11,50,76.06,0,01:33.9,2023
Saudi Arabia,14,21,Nyck De Vries,AlphaTauri Honda RBPT,18,50,77.478,0,01:33.6,2023
Saudi Arabia,15,81,Oscar Piastri,McLaren Mercedes,8,50,85.021,0,01:34.3,2023
Saudi Arabia,16,2,Logan Sargeant,Williams Mercedes,20,50,86.293,0,01:34.5,2023
Saudi Arabia,17,4,Lando Norris,McLaren Mercedes,19,50,86.445,0,01:34.1,2023
Saudi Arabia,18,77,Valtteri Bottas,Alfa Romeo Ferrari,14,49,+1 lap,0,01:34.4,2023
Saudi Arabia,NC,23,Alexander Albon,Williams Mercedes,17,27,DNF,0,01:35.6,2023
Saudi Arabia,NC,18,Lance Stroll,Aston Martin Aramco Mercedes,5,16,DNF,0,01:35.1,2023
Australia,1,1,Max Verstappen,Red Bull Racing Honda,1,58,32:28.4,25,01:20.3,2023
Australia,2,44,Lewis Hamilton,Mercedes,3,58,0.179,18,01:20.6,2023
Australia,3,14,Fernando Alonso,Aston Martin Aramco Mercedes,4,58,0.769,15,01:20.5,2023
Australia,4,18,Lance Stroll,Aston Martin Aramco Mercedes,6,58,3.082,12,01:20.9,2023
Australia,5,11,Sergio Perez,Red Bull Racing Honda,20,58,3.32,11,01:20.2,2023
Australia,6,4,Lando Norris,McLaren Mercedes,13,58,3.701,8,01:21.2,2023
Australia,7,27,Nico Hulkenberg,Haas Ferrari,10,58,4.939,6,01:21.1,2023
Australia,8,81,Oscar Piastri,McLaren Mercedes,16,58,5.382,4,01:21.3,2023
Australia,9,24,Guanyu Zhou,Alfa Romeo Ferrari,17,58,5.713,2,01:21.8,2023
Australia,10,22,Yuki Tsunoda,AlphaTauri Honda RBPT,12,58,6.052,1,01:21.8,2023
Australia,11,77,Valtteri Bottas,Alfa Romeo Ferrari,19,58,6.513,0,01:22.2,2023
Australia,12,55,Carlos Sainz,Ferrari,5,58,6.594,0,01:20.5,2023
Australia,13,10,Pierre Gasly,Alpine Renault,9,56,DNF,0,01:21.0,2023
Australia,14,31,Esteban Ocon,Alpine Renault,11,56,DNF,0,01:21.2,2023
Australia,15,21,Nyck De Vries,AlphaTauri Honda RBPT,15,56,DNF,0,01:21.2,2023
Australia,16,2,Logan Sargeant,Williams Mercedes,18,56,DNF,0,01:21.5,2023
Australia,17,20,Kevin Magnussen,Haas Ferrari,14,52,DNF,0,01:21.7,2023
Australia,NC,63,George Russell,Mercedes,2,17,DNF,0,01:22.7,2023
Australia,NC,23,Alexander Albon,Williams Mercedes,8,6,DNF,0,01:23.3,2023
Australia,NC,16,Charles Leclerc,Ferrari,7,0,DNF,0,,2023
Azerbaijan,1,11,Sergio Perez,Red Bull Racing Honda,3,51,32:42.4,25,01:44.6,2023
Azerbaijan,2,1,Max Verstappen,Red Bull Racing Honda,2,51,2.137,18,01:44.2,2023
Azerbaijan,3,16,Charles Leclerc,Ferrari,1,51,21.217,15,01:44.6,2023
Azerbaijan,4,14,Fernando Alonso,Aston Martin Aramco Mercedes,6,51,22.024,12,01:44.2,2023
Azerbaijan,5,55,Carlos Sainz,Ferrari,4,51,45.491,10,01:45.2,2023
Azerbaijan,6,44,Lewis Hamilton,Mercedes,5,51,46.145,8,01:45.3,2023
Azerbaijan,7,18,Lance Stroll,Aston Martin Aramco Mercedes,9,51,51.617,6,01:45.6,2023
Azerbaijan,8,63,George Russell,Mercedes,11,51,74.24,5,01:43.4,2023
Azerbaijan,9,4,Lando Norris,McLaren Mercedes,7,51,80.376,2,01:45.7,2023
Azerbaijan,10,22,Yuki Tsunoda,AlphaTauri Honda RBPT,8,51,83.862,1,01:45.7,2023
Azerbaijan,11,81,Oscar Piastri,McLaren Mercedes,10,51,86.501,0,01:45.6,2023
Azerbaijan,12,23,Alexander Albon,Williams Mercedes,12,51,88.623,0,01:45.9,2023
Azerbaijan,13,20,Kevin Magnussen,Haas Ferrari,16,51,89.729,0,01:45.9,2023
Azerbaijan,14,10,Pierre Gasly,Alpine Renault,17,51,91.332,0,01:45.5,2023
Azerbaijan,15,31,Esteban Ocon,Alpine Renault,19,51,97.794,0,01:45.9,2023
Azerbaijan,16,2,Logan Sargeant,Williams Mercedes,14,51,100.943,0,01:46.5,2023
Azerbaijan,17,27,Nico Hulkenberg,Haas Ferrari,20,50,+1 lap,0,01:46.7,2023
Azerbaijan,18,77,Valtteri Bottas,Alfa Romeo Ferrari,13,50,+1 lap,0,01:46.3,2023
Azerbaijan,NC,24,Guanyu Zhou,Alfa Romeo Ferrari,15,36,DNF,0,01:47.6,2023
Azerbaijan,NC,21,Nyck De Vries,AlphaTauri Honda RBPT,18,9,DNF,0,01:48.8,2023
Miami,1,1,Max Verstappen,Red Bull Racing Honda,9,57,27:38.2,26,01:29.7,2023
Miami,2,11,Sergio Perez,Red Bull Racing Honda,1,57,5.384,18,01:30.6,2023
Miami,3,14,Fernando Alonso,Aston Martin Aramco Mercedes,2,57,26.305,15,01:30.5,2023
Miami,4,63,George Russell,Mercedes,6,57,33.229,12,01:31.0,2023
Miami,5,55,Carlos Sainz,Ferrari,3,57,42.511,10,01:31.4,2023
Miami,6,44,Lewis Hamilton,Mercedes,13,57,51.249,8,01:30.7,2023
Miami,7,16,Charles Leclerc,Ferrari,7,57,52.988,6,01:31.4,2023
Miami,8,10,Pierre Gasly,Alpine Renault,5,57,55.67,4,01:32.0,2023
Miami,9,31,Esteban Ocon,Alpine Renault,8,57,58.123,2,01:31.1,2023
Miami,10,20,Kevin Magnussen,Haas Ferrari,4,57,62.945,1,01:31.7,2023
Miami,11,22,Yuki Tsunoda,AlphaTauri Honda RBPT,17,57,64.309,0,01:31.0,2023
Miami,12,18,Lance Stroll,Aston Martin Aramco Mercedes,18,57,64.754,0,01:30.9,2023
Miami,13,77,Valtteri Bottas,Alfa Romeo Ferrari,10,57,71.637,0,01:31.8,2023
Miami,14,23,Alexander Albon,Williams Mercedes,11,57,72.861,0,01:31.9,2023
Miami,15,27,Nico Hulkenberg,Haas Ferrari,12,57,74.95,0,01:30.9,2023
Miami,16,24,Guanyu Zhou,Alfa Romeo Ferrari,14,57,78.44,0,01:31.7,2023
Miami,17,4,Lando Norris,McLaren Mercedes,16,57,87.717,0,01:32.4,2023
Miami,18,21,Nyck De Vries,AlphaTauri Honda RBPT,15,57,88.949,0,01:31.6,2023
Miami,19,81,Oscar Piastri,McLaren Mercedes,19,56,+1 lap,0,01:32.0,2023
Miami,20,2,Logan Sargeant,Williams Mercedes,20,56,+1 lap,0,01:32.4,2023
Monaco,1,1,Max Verstappen,Red Bull Racing Honda,1,78,48:52.0,25,01:16.6,2023
Monaco,2,14,Fernando Alonso,Aston Martin Aramco Mercedes,2,78,27.921,18,01:16.7,2023
Monaco,3,31,Esteban Ocon,Alpine Renault,3,78,36.99,15,01:16.5,2023
Monaco,4,44,Lewis Hamilton,Mercedes,5,78,39.062,13,01:15.7,2023
Monaco,5,63,George Russell,Mercedes,8,78,56.284,10,01:16.8,2023
Monaco,6,16,Charles Leclerc,Ferrari,6,78,61.89,8,01:15.8,2023
Monaco,7,10,Pierre Gasly,Alpine Renault,7,78,62.362,6,01:15.8,2023
Monaco,8,55,Carlos Sainz,Ferrari,4,78,63.391,4,01:16.4,2023
Monaco,9,4,Lando Norris,McLaren Mercedes,10,77,+1 lap,2,01:17.8,2023
Monaco,10,81,Oscar Piastri,McLaren Mercedes,11,77,+1 lap,1,01:17.5,2023
Monaco,11,77,Valtteri Bottas,Alfa Romeo Ferrari,15,77,+1 lap,0,01:17.8,2023
Monaco,12,21,Nyck De Vries,AlphaTauri Honda RBPT,12,77,+1 lap,0,01:17.6,2023
Monaco,13,24,Guanyu Zhou,Alfa Romeo Ferrari,19,77,+1 lap,0,01:16.9,2023
Monaco,14,23,Alexander Albon,Williams Mercedes,13,77,+1 lap,0,01:16.7,2023
Monaco,15,22,Yuki Tsunoda,AlphaTauri Honda RBPT,9,76,+2 laps,0,01:17.7,2023
Monaco,16,11,Sergio Perez,Red Bull Racing Honda,20,76,+2 laps,0,01:16.3,2023
Monaco,17,27,Nico Hulkenberg,Haas Ferrari,18,76,+2 laps,0,01:17.0,2023
Monaco,18,2,Logan Sargeant,Williams Mercedes,16,76,+2 laps,0,01:17.3,2023
Monaco,19,20,Kevin Magnussen,Haas Ferrari,17,70,DNF,0,01:18.4,2023
Monaco,NC,18,Lance Stroll,Aston Martin Aramco Mercedes,14,53,DNF,0,01:17.8,2023
Spain,1,1,Max Verstappen,Red Bull Racing Honda,1,66,27:57.9,26,01:16.3,2023
Spain,2,44,Lewis Hamilton,Mercedes,4,66,24.09,18,01:16.7,2023
Spain,3,63,George Russell,Mercedes,12,66,32.389,15,01:17.9,2023
Spain,4,11,Sergio Perez,Red Bull Racing Honda,11,66,35.812,12,01:16.7,2023
Spain,5,55,Carlos Sainz,Ferrari,2,66,45.698,10,01:18.4,2023
Spain,6,18,Lance Stroll,Aston Martin Aramco Mercedes,5,66,63.32,8,01:18.7,2023
Spain,7,14,Fernando Alonso,Aston Martin Aramco Mercedes,8,66,64.127,6,01:18.1,2023
Spain,8,31,Esteban Ocon,Alpine Renault,6,66,69.242,4,01:18.9,2023
Spain,9,24,Guanyu Zhou,Alfa Romeo Ferrari,13,66,71.878,2,01:18.8,2023
Spain,10,10,Pierre Gasly,Alpine Renault,10,66,73.53,1,01:18.4,2023
Spain,11,16,Charles Leclerc,Ferrari,19,66,74.419,0,01:18.4,2023
Spain,12,22,Yuki Tsunoda,AlphaTauri Honda RBPT,15,66,75.416,0,01:18.9,2023
Spain,13,81,Oscar Piastri,McLaren Mercedes,9,65,+1 lap,0,01:18.7,2023
Spain,14,21,Nyck De Vries,AlphaTauri Honda RBPT,14,65,+1 lap,0,01:18.6,2023
Spain,15,27,Nico Hulkenberg,Haas Ferrari,7,65,+1 lap,0,01:18.8,2023
Spain,16,23,Alexander Albon,Williams Mercedes,18,65,+1 lap,0,01:19.1,2023
Spain,17,4,Lando Norris,McLaren Mercedes,3,65,+1 lap,0,01:17.2,2023
Spain,18,20,Kevin Magnussen,Haas Ferrari,17,65,+1 lap,0,01:18.1,2023
Spain,19,77,Valtteri Bottas,Alfa Romeo Ferrari,16,65,+1 lap,0,01:18.2,2023
Spain,20,2,Logan Sargeant,Williams Mercedes,20,65,+1 lap,0,01:19.2,2023
Canada,1,1,Max Verstappen,Red Bull Racing Honda,1,70,33:58.3,25,01:15.6,2023
Canada,2,14,Fernando Alonso,Aston Martin Aramco Mercedes,2,70,9.57,18,01:15.8,2023
Canada,3,44,Lewis Hamilton,Mercedes,3,70,14.168,15,01:15.4,2023
Canada,4,16,Charles Leclerc,Ferrari,10,70,18.648,12,01:15.9,2023
Canada,5,55,Carlos Sainz,Ferrari,11,70,21.54,10,01:15.9,2023
Canada,6,11,Sergio Perez,Red Bull Racing Honda,12,70,51.028,9,01:14.5,2023
Canada,7,23,Alexander Albon,Williams Mercedes,9,70,60.813,6,01:16.9,2023
Canada,8,31,Esteban Ocon,Alpine Renault,6,70,61.692,4,01:16.8,2023
Canada,9,18,Lance Stroll,Aston Martin Aramco Mercedes,16,70,64.402,2,01:16.6,2023
Canada,10,77,Valtteri Bottas,Alfa Romeo Ferrari,14,70,64.432,1,01:16.6,2023
Canada,11,81,Oscar Piastri,McLaren Mercedes,8,70,65.101,0,01:16.6,2023
Canada,12,10,Pierre Gasly,Alpine Renault,15,70,65.249,0,01:16.4,2023
Canada,13,4,Lando Norris,McLaren Mercedes,7,70,68.363,0,01:16.4,2023
Canada,14,22,Yuki Tsunoda,AlphaTauri Honda RBPT,19,70,73.423,0,01:16.7,2023
Canada,15,27,Nico Hulkenberg,Haas Ferrari,5,69,+1 lap,0,01:17.2,2023
Canada,16,24,Guanyu Zhou,Alfa Romeo Ferrari,20,69,+1 lap,0,01:17.1,2023
Canada,17,20,Kevin Magnussen,Haas Ferrari,13,69,+1 lap,0,01:16.1,2023
Canada,18,21,Nyck De Vries,AlphaTauri Honda RBPT,17,69,+1 lap,0,01:16.7,2023
Canada,NC,63,George Russell,Mercedes,4,53,DNF,0,01:17.1,2023
Canada,NC,2,Logan Sargeant,Williams Mercedes,18,6,DNF,0,01:18.4,2023
Austria,1,1,Max Verstappen,Red Bull Racing Honda,1,71,25:33.6,26,01:07.0,2023
Austria,2,16,Charles Leclerc,Ferrari,2,71,5.155,18,01:08.8,2023
Austria,3,11,Sergio Perez,Red Bull Racing Honda,15,71,17.188,15,01:08.1,2023
Austria,4,4,Lando Norris,McLaren Mercedes,4,71,26.327,12,01:08.7,2023
Austria,5,14,Fernando Alonso,Aston Martin Aramco Mercedes,7,71,30.317,10,01:09.1,2023
Austria,6,55,Carlos Sainz,Ferrari,3,71,31.377,8,01:08.9,2023
Austria,7,63,George Russell,Mercedes,11,71,48.403,6,01:09.3,2023
Austria,8,44,Lewis Hamilton,Mercedes,5,71,49.196,4,01:09.2,2023
Austria,9,18,Lance Stroll,Aston Martin Aramco Mercedes,6,71,59.043,2,01:08.5,2023
Austria,10,10,Pierre Gasly,Alpine Renault,9,71,67.667,1,01:09.0,2023
Austria,11,23,Alexander Albon,Williams Mercedes,10,71,79.767,0,01:09.6,2023
Austria,12,24,Guanyu Zhou,Alfa Romeo Ferrari,17,70,+1 lap,0,01:09.8,2023
Austria,13,2,Logan Sargeant,Williams Mercedes,18,70,+1 lap,0,01:09.6,2023
Austria,14,31,Esteban Ocon,Alpine Renault,12,70,+1 lap,0,01:09.8,2023
Austria,15,77,Valtteri Bottas,Alfa Romeo Ferrari,14,70,+1 lap,0,01:09.9,2023
Austria,16,81,Oscar Piastri,McLaren Mercedes,13,70,+1 lap,0,01:09.9,2023
Austria,17,21,Nyck De Vries,AlphaTauri Honda RBPT,20,70,+1 lap,0,01:09.9,2023
Austria,18,20,Kevin Magnussen,Haas Ferrari,19,70,+1 lap,0,01:10.2,2023
Austria,19,22,Yuki Tsunoda,AlphaTauri Honda RBPT,16,70,+1 lap,0,01:09.6,2023
Austria,NC,27,Nico Hulkenberg,Haas Ferrari,8,12,DNF,0,01:11.1,2023
Great Britain,1,1,Max Verstappen,Red Bull Racing Honda,1,52,25:16.9,26,01:30.3,2023
Great Britain,2,4,Lando Norris,McLaren Mercedes,2,52,3.798,18,01:30.5,2023
Great Britain,3,44,Lewis Hamilton,Mercedes,7,52,6.783,15,01:30.5,2023
Great Britain,4,81,Oscar Piastri,McLaren Mercedes,3,52,7.776,12,01:30.9,2023
Great Britain,5,63,George Russell,Mercedes,6,52,11.206,10,01:31.1,2023
Great Britain,6,11,Sergio Perez,Red Bull Racing Honda,15,52,12.882,8,01:30.9,2023
Great Britain,7,14,Fernando Alonso,Aston Martin Aramco Mercedes,9,52,17.193,6,01:31.3,2023
Great Britain,8,23,Alexander Albon,Williams Mercedes,8,52,17.878,4,01:31.3,2023
Great Britain,9,16,Charles Leclerc,Ferrari,4,52,18.689,2,01:31.3,2023
Great Britain,10,55,Carlos Sainz,Ferrari,5,52,19.448,1,01:31.4,2023
Great Britain,11,2,Logan Sargeant,Williams Mercedes,14,52,23.632,0,01:31.7,2023
Great Britain,12,77,Valtteri Bottas,Alfa Romeo Ferrari,20,52,25.83,0,01:31.9,2023
Great Britain,13,27,Nico Hulkenberg,Haas Ferrari,11,52,26.663,0,01:31.8,2023
Great Britain,14,18,Lance Stroll,Aston Martin Aramco Mercedes,12,52,27.483,0,01:31.5,2023
Great Britain,15,24,Guanyu Zhou,Alfa Romeo Ferrari,17,52,29.82,0,01:31.8,2023
Great Britain,16,22,Yuki Tsunoda,AlphaTauri Honda RBPT,16,52,31.225,0,01:32.1,2023
Great Britain,17,21,Nyck De Vries,AlphaTauri Honda RBPT,18,52,33.128,0,01:32.4,2023
Great Britain,18,10,Pierre Gasly,Alpine Renault,10,46,DNF,0,01:31.5,2023
Great Britain,NC,20,Kevin Magnussen,Haas Ferrari,19,31,DNF,0,01:33.4,2023
Great Britain,NC,31,Esteban Ocon,Alpine Renault,13,9,DNF,0,01:33.9,2023
Hungary,1,1,Max Verstappen,Red Bull Racing Honda,2,70,38:08.6,26,01:20.5,2023
Hungary,2,4,Lando Norris,McLaren Mercedes,3,70,33.731,18,01:22.2,2023
Hungary,3,11,Sergio Perez,Red Bull Racing Honda,9,70,37.603,15,01:22.3,2023
Hungary,4,44,Lewis Hamilton,Mercedes,1,70,39.134,12,01:21.6,2023
Hungary,5,81,Oscar Piastri,McLaren Mercedes,4,70,62.572,10,01:22.7,2023
Hungary,6,63,George Russell,Mercedes,18,70,65.825,8,01:22.2,2023
Hungary,7,16,Charles Leclerc,Ferrari,6,70,70.317,6,01:22.5,2023
Hungary,8,55,Carlos Sainz,Ferrari,11,70,71.073,4,01:22.6,2023
Hungary,9,14,Fernando Alonso,Aston Martin Aramco Mercedes,8,70,75.709,2,01:22.7,2023
Hungary,10,18,Lance Stroll,Aston Martin Aramco Mercedes,14,69,+1 lap,1,01:23.4,2023
Hungary,11,23,Alexander Albon,Williams Mercedes,16,69,+1 lap,0,01:24.1,2023
Hungary,12,77,Valtteri Bottas,Alfa Romeo Ferrari,7,69,+1 lap,0,01:23.7,2023
Hungary,13,3,Daniel Ricciardo,AlphaTauri Honda RBPT,13,69,+1 lap,0,01:23.9,2023
Hungary,14,27,Nico Hulkenberg,Haas Ferrari,10,69,+1 lap,0,01:23.6,2023
Hungary,15,22,Yuki Tsunoda,AlphaTauri Honda RBPT,17,69,+1 lap,0,01:23.3,2023
Hungary,16,24,Guanyu Zhou,Alfa Romeo Ferrari,5,69,+1 lap,0,01:23.7,2023
Hungary,17,20,Kevin Magnussen,Haas Ferrari,19,69,+1 lap,0,01:23.9,2023
Hungary,18,2,Logan Sargeant,Williams Mercedes,20,67,DNF,0,01:23.5,2023
Hungary,NC,31,Esteban Ocon,Alpine Renault,12,2,DNF,0,,2023
Hungary,NC,10,Pierre Gasly,Alpine Renault,15,1,DNF,0,,2023
Belgium,1,1,Max Verstappen,Red Bull Racing Honda,6,44,22:30.4,25,01:48.9,2023
Belgium,2,11,Sergio Perez,Red Bull Racing Honda,2,44,22.305,18,01:50.3,2023
Belgium,3,16,Charles Leclerc,Ferrari,1,44,32.259,15,01:50.4,2023
Belgium,4,44,Lewis Hamilton,Mercedes,3,44,49.671,13,01:47.3,2023
Belgium,5,14,Fernando Alonso,Aston Martin Aramco Mercedes,9,44,56.184,10,01:50.9,2023
Belgium,6,63,George Russell,Mercedes,8,44,63.101,8,01:50.6,2023
Belgium,7,4,Lando Norris,McLaren Mercedes,7,44,73.719,6,01:51.7,2023
Belgium,8,31,Esteban Ocon,Alpine Renault,14,44,74.719,4,01:50.4,2023
Belgium,9,18,Lance Stroll,Aston Martin Aramco Mercedes,10,44,79.34,2,01:51.3,2023
Belgium,10,22,Yuki Tsunoda,AlphaTauri Honda RBPT,11,44,80.221,1,01:51.4,2023
Belgium,11,10,Pierre Gasly,Alpine Renault,12,44,83.084,0,01:50.9,2023
Belgium,12,77,Valtteri Bottas,Alfa Romeo Ferrari,13,44,85.191,0,01:50.5,2023
Belgium,13,24,Guanyu Zhou,Alfa Romeo Ferrari,17,44,95.441,0,01:50.2,2023
Belgium,14,23,Alexander Albon,Williams Mercedes,15,44,96.184,0,01:49.8,2023
Belgium,15,20,Kevin Magnussen,Haas Ferrari,16,44,101.754,0,01:51.0,2023
Belgium,16,3,Daniel Ricciardo,AlphaTauri Honda RBPT,19,44,103.071,0,01:51.0,2023
Belgium,17,2,Logan Sargeant,Williams Mercedes,18,44,104.476,0,01:50.5,2023
Belgium,18,27,Nico Hulkenberg,Haas Ferrari,20,44,110.45,0,01:49.9,2023
Belgium,NC,55,Carlos Sainz,Ferrari,4,23,DNF,0,01:53.1,2023
Belgium,NC,81,Oscar Piastri,McLaren Mercedes,5,0,DNF,0,,2023
Netherlands,1,1,Max Verstappen,Red Bull Racing Honda,1,72,24:04.4,25,01:13.9,2023
Netherlands,2,14,Fernando Alonso,Aston Martin Aramco Mercedes,5,72,3.744,19,01:13.8,2023
Netherlands,3,10,Pierre Gasly,Alpine Renault,12,72,7.058,15,01:14.4,2023
Netherlands,4,11,Sergio Perez,Red Bull Racing Honda,7,72,10.068,12,01:14.2,2023
Netherlands,5,55,Carlos Sainz,Ferrari,6,72,12.541,10,01:14.9,2023
Netherlands,6,44,Lewis Hamilton,Mercedes,13,72,13.209,8,01:13.9,2023
Netherlands,7,4,Lando Norris,McLaren Mercedes,2,72,13.232,6,01:14.4,2023
Netherlands,8,23,Alexander Albon,Williams Mercedes,4,72,15.155,4,01:14.5,2023
Netherlands,9,81,Oscar Piastri,McLaren Mercedes,8,72,16.58,2,01:14.3,2023
Netherlands,10,31,Esteban Ocon,Alpine Renault,16,72,18.346,1,01:14.6,2023
Netherlands,11,18,Lance Stroll,Aston Martin Aramco Mercedes,11,72,20.087,0,01:15.2,2023
Netherlands,12,27,Nico Hulkenberg,Haas Ferrari,14,72,20.84,0,01:14.5,2023
Netherlands,13,40,Liam Lawson,AlphaTauri Honda RBPT,19,72,26.147,0,01:14.8,2023
Netherlands,14,77,Valtteri Bottas,Alfa Romeo Ferrari,18,72,27.388,0,01:14.7,2023
Netherlands,15,22,Yuki Tsunoda,AlphaTauri Honda RBPT,17,72,29.893,0,01:16.3,2023
Netherlands,16,20,Kevin Magnussen,Haas Ferrari,20,72,31.41,0,01:15.5,2023
Netherlands,17,63,George Russell,Mercedes,3,72,55.754,0,01:15.1,2023
Netherlands,NC,24,Guanyu Zhou,Alfa Romeo Ferrari,15,62,DNF,0,01:15.4,2023
Netherlands,NC,16,Charles Leclerc,Ferrari,9,41,DNF,0,01:17.3,2023
Netherlands,NC,2,Logan Sargeant,Williams Mercedes,10,14,DNF,0,01:17.4,2023
Italy,1,1,Max Verstappen,Red Bull Racing Honda,2,51,13:41.1,25,01:25.2,2023
Italy,2,11,Sergio Perez,Red Bull Racing Honda,5,51,6.064,18,01:25.5,2023
Italy,3,55,Carlos Sainz,Ferrari,1,51,11.193,15,01:25.5,2023
Italy,4,16,Charles Leclerc,Ferrari,3,51,11.377,12,01:25.6,2023
Italy,5,63,George Russell,Mercedes,4,51,23.028,10,01:25.8,2023
Italy,6,44,Lewis Hamilton,Mercedes,8,51,42.679,8,01:25.6,2023
Italy,7,23,Alexander Albon,Williams Mercedes,6,51,45.106,6,01:26.4,2023
Italy,8,4,Lando Norris,McLaren Mercedes,9,51,45.449,4,01:26.1,2023
Italy,9,14,Fernando Alonso,Aston Martin Aramco Mercedes,10,51,46.294,2,01:26.1,2023
Italy,10,77,Valtteri Bottas,Alfa Romeo Ferrari,14,51,64.056,1,01:26.0,2023
Italy,11,40,Liam Lawson,AlphaTauri Honda RBPT,12,51,70.638,0,01:25.8,2023
Italy,12,81,Oscar Piastri,McLaren Mercedes,7,51,73.074,0,01:25.1,2023
Italy,13,2,Logan Sargeant,Williams Mercedes,15,51,78.557,0,01:26.8,2023
Italy,14,24,Guanyu Zhou,Alfa Romeo Ferrari,16,51,80.164,0,01:26.0,2023
Italy,15,10,Pierre Gasly,Alpine Renault,17,51,82.51,0,01:25.8,2023
Italy,16,18,Lance Stroll,Aston Martin Aramco Mercedes,20,51,87.266,0,01:26.6,2023
Italy,17,27,Nico Hulkenberg,Haas Ferrari,13,50,+1 lap,0,01:25.9,2023
Italy,18,20,Kevin Magnussen,Haas Ferrari,19,50,+1 lap,0,01:26.3,2023
Italy,NC,31,Esteban Ocon,Alpine Renault,18,39,DNF,0,01:27.0,2023
Italy,NC,22,Yuki Tsunoda,AlphaTauri Honda RBPT,11,0,DNS,0,,2023
Singapore,1,55,Carlos Sainz,Ferrari,1,62,46:37.4,25,01:37.7,2023
Singapore,2,4,Lando Norris,McLaren Mercedes,4,62,0.812,18,01:38.0,2023
Singapore,3,44,Lewis Hamilton,Mercedes,5,62,1.269,16,01:35.9,2023
Singapore,4,16,Charles Leclerc,Ferrari,3,62,21.177,12,01:38.3,2023
Singapore,5,1,Max Verstappen,Red Bull Racing Honda,11,62,21.441,10,01:36.6,2023
Singapore,6,10,Pierre Gasly,Alpine Renault,12,62,38.441,8,01:38.3,2023
Singapore,7,81,Oscar Piastri,McLaren Mercedes,17,62,41.479,6,01:38.5,2023
Singapore,8,11,Sergio Perez,Red Bull Racing Honda,13,62,54.534,4,01:37.1,2023
Singapore,9,40,Liam Lawson,AlphaTauri Honda RBPT,10,62,65.918,2,01:39.0,2023
Singapore,10,20,Kevin Magnussen,Haas Ferrari,6,62,72.116,1,01:38.1,2023
Singapore,11,23,Alexander Albon,Williams Mercedes,14,62,73.417,0,01:37.3,2023
Singapore,12,24,Guanyu Zhou,Alfa Romeo Ferrari,19,62,83.649,0,01:39.3,2023
Singapore,13,27,Nico Hulkenberg,Haas Ferrari,9,62,85.201,0,01:39.9,2023
Singapore,14,2,Logan Sargeant,Williams Mercedes,18,62,86.889,0,01:38.5,2023
Singapore,15,14,Fernando Alonso,Aston Martin Aramco Mercedes,7,62,87.603,0,01:36.5,2023
Singapore,16,63,George Russell,Mercedes,2,61,DNF,0,01:36.3,2023
Singapore,NC,77,Valtteri Bottas,Alfa Romeo Ferrari,16,51,DNF,0,01:38.1,2023
Singapore,NC,31,Esteban Ocon,Alpine Renault,8,42,DNF,0,01:39.9,2023
Singapore,NC,22,Yuki Tsunoda,AlphaTauri Honda RBPT,15,0,DNF,0,,2023
Singapore,NC,18,Lance Stroll,Aston Martin Aramco Mercedes,20,0,DNS,0,,2023
Japan,1,1,Max Verstappen,Red Bull Racing Honda,1,53,30:58.4,26,01:34.2,2023
Japan,2,4,Lando Norris,McLaren Mercedes,3,53,19.387,18,01:35.2,2023
Japan,3,81,Oscar Piastri,McLaren Mercedes,2,53,36.494,15,01:36.3,2023
Japan,4,16,Charles Leclerc,Ferrari,4,53,43.998,12,01:36.4,2023
Japan,5,44,Lewis Hamilton,Mercedes,7,53,49.376,10,01:35.6,2023
Japan,6,55,Carlos Sainz,Ferrari,6,53,50.221,8,01:36.2,2023
Japan,7,63,George Russell,Mercedes,8,53,57.659,6,01:37.7,2023
Japan,8,14,Fernando Alonso,Aston Martin Aramco Mercedes,10,53,74.725,4,01:37.2,2023
Japan,9,31,Esteban Ocon,Alpine Renault,14,53,79.678,2,01:37.4,2023
Japan,10,10,Pierre Gasly,Alpine Renault,12,53,83.155,1,01:36.4,2023
Japan,11,40,Liam Lawson,AlphaTauri Honda RBPT,11,52,+1 lap,0,01:38.3,2023
Japan,12,22,Yuki Tsunoda,AlphaTauri Honda RBPT,9,52,+1 lap,0,01:37.8,2023
Japan,13,24,Guanyu Zhou,Alfa Romeo Ferrari,19,52,+1 lap,0,01:37.8,2023
Japan,14,27,Nico Hulkenberg,Haas Ferrari,18,52,+1 lap,0,01:37.3,2023
Japan,15,20,Kevin Magnussen,Haas Ferrari,15,52,+1 lap,0,01:37.8,2023
Japan,NC,23,Alexander Albon,Williams Mercedes,13,26,DNF,0,01:39.2,2023
Japan,NC,2,Logan Sargeant,Williams Mercedes,20,22,DNF,0,01:38.8,2023
Japan,NC,18,Lance Stroll,Aston Martin Aramco Mercedes,17,20,DNF,0,01:39.0,2023
Japan,NC,11,Sergio Perez,Red Bull Racing Honda,5,15,DNF,0,01:39.7,2023
Japan,NC,77,Valtteri Bottas,Alfa Romeo Ferrari,16,7,DNF,0,02:02.8,2023
Qatar,1,1,Max Verstappen,Red Bull Racing Honda,1,57,27:39.2,26,01:24.3,2023
Qatar,2,81,Oscar Piastri,McLaren Mercedes,6,57,4.833,18,01:24.9,2023
Qatar,3,4,Lando Norris,McLaren Mercedes,10,57,5.969,15,01:24.8,2023
Qatar,4,63,George Russell,Mercedes,2,57,34.119,12,01:25.8,2023
Qatar,5,16,Charles Leclerc,Ferrari,5,57,38.976,10,01:25.0,2023
Qatar,6,14,Fernando Alonso,Aston Martin Aramco Mercedes,4,57,49.032,8,01:26.0,2023
Qatar,7,31,Esteban Ocon,Alpine Renault,8,57,62.39,6,01:26.5,2023
Qatar,8,77,Valtteri Bottas,Alfa Romeo Ferrari,9,57,66.563,4,01:26.7,2023
Qatar,9,24,Guanyu Zhou,Alfa Romeo Ferrari,19,57,76.127,2,01:26.3,2023
Qatar,10,11,Sergio Perez,Red Bull Racing Honda,20,57,80.181,1,01:26.2,2023
Qatar,11,18,Lance Stroll,Aston Martin Aramco Mercedes,16,57,81.652,0,01:26.4,2023
Qatar,12,10,Pierre Gasly,Alpine Renault,7,57,82.3,0,01:26.3,2023
Qatar,13,23,Alexander Albon,Williams Mercedes,13,57,91.014,0,01:26.7,2023
Qatar,14,20,Kevin Magnussen,Haas Ferrari,18,56,+1 lap,0,01:27.1,2023
Qatar,15,22,Yuki Tsunoda,AlphaTauri Honda RBPT,11,56,+1 lap,0,01:27.2,2023
Qatar,16,27,Nico Hulkenberg,Haas Ferrari,14,56,+1 lap,0,01:26.5,2023
Qatar,17,40,Liam Lawson,AlphaTauri Honda RBPT,17,56,+1 lap,0,01:27.1,2023
Qatar,NC,2,Logan Sargeant,Williams Mercedes,15,40,DNF,0,01:28.0,2023
Qatar,NC,44,Lewis Hamilton,Mercedes,3,0,DNF,0,,2023
Qatar,NC,55,Carlos Sainz,Ferrari,12,0,DNS,0,,2023
United States,1,1,Max Verstappen,Red Bull Racing Honda,6,56,35:21.4,25,01:40.0,2023
United States,DQ,44,Lewis Hamilton,Mercedes,3,56,2.225,0,01:39.6,2023
United States,2,4,Lando Norris,McLaren Mercedes,2,56,10.73,18,01:40.0,2023
United States,3,55,Carlos Sainz,Ferrari,4,56,15.134,15,01:40.0,2023
United States,4,11,Sergio Perez,Red Bull Racing Honda,9,56,18.46,12,01:39.7,2023
United States,DQ,16,Charles Leclerc,Ferrari,1,56,24.662,0,01:41.0,2023
United States,5,63,George Russell,Mercedes,5,56,24.999,10,01:39.4,2023
United States,6,10,Pierre Gasly,Alpine Renault,7,56,47.996,8,01:40.4,2023
United States,7,18,Lance Stroll,Aston Martin Aramco Mercedes,20,56,48.696,6,01:39.9,2023
United States,8,22,Yuki Tsunoda,AlphaTauri Honda RBPT,11,56,74.385,5,01:38.1,2023
United States,9,23,Alexander Albon,Williams Mercedes,15,56,86.714,2,01:41.4,2023
United States,10,2,Logan Sargeant,Williams Mercedes,16,56,87.998,1,01:41.2,2023
United States,11,27,Nico Hulkenberg,Haas Ferrari,18,56,89.904,0,01:40.9,2023
United States,12,77,Valtteri Bottas,Alfa Romeo Ferrari,13,56,98.601,0,01:42.0,2023
United States,13,24,Guanyu Zhou,Alfa Romeo Ferrari,12,55,+1 lap,0,01:41.9,2023
United States,14,20,Kevin Magnussen,Haas Ferrari,17,55,+1 lap,0,01:41.5,2023
United States,15,3,Daniel Ricciardo,AlphaTauri Honda RBPT,14,55,+1 lap,0,01:39.4,2023
United States,NC,14,Fernando Alonso,Aston Martin Aramco Mercedes,19,49,DNF,0,01:40.0,2023
United States,NC,81,Oscar Piastri,McLaren Mercedes,10,10,DNF,0,01:42.7,2023
United States,NC,31,Esteban Ocon,Alpine Renault,8,6,DNF,0,01:44.8,2023
Mexico,1,1,Max Verstappen,Red Bull Racing Honda,3,71,02:30.8,25,01:21.6,2023
Mexico,2,44,Lewis Hamilton,Mercedes,6,71,13.875,19,01:21.3,2023
Mexico,3,16,Charles Leclerc,Ferrari,1,71,23.124,15,01:22.3,2023
Mexico,4,55,Carlos Sainz,Ferrari,2,71,27.154,12,01:22.5,2023
Mexico,5,4,Lando Norris,McLaren Mercedes,17,71,33.266,10,01:21.9,2023
Mexico,6,63,George Russell,Mercedes,8,71,41.02,8,01:22.8,2023
Mexico,7,3,Daniel Ricciardo,AlphaTauri Honda RBPT,4,71,41.57,6,01:22.7,2023
Mexico,8,81,Oscar Piastri,McLaren Mercedes,7,71,43.104,4,01:22.8,2023
Mexico,9,23,Alexander Albon,Williams Mercedes,14,71,48.573,2,01:22.8,2023
Mexico,10,31,Esteban Ocon,Alpine Renault,15,71,62.879,1,01:23.0,2023
Mexico,11,10,Pierre Gasly,Alpine Renault,11,71,66.208,0,01:23.2,2023
Mexico,12,22,Yuki Tsunoda,AlphaTauri Honda RBPT,18,71,78.982,0,01:22.5,2023
Mexico,13,27,Nico Hulkenberg,Haas Ferrari,12,71,80.309,0,01:23.2,2023
Mexico,14,24,Guanyu Zhou,Alfa Romeo Ferrari,10,71,81.676,0,01:23.6,2023
Mexico,15,77,Valtteri Bottas,Alfa Romeo Ferrari,9,71,85.597,0,01:23.2,2023
Mexico,16,2,Logan Sargeant,Williams Mercedes,19,70,DNF,0,01:23.0,2023
Mexico,17,18,Lance Stroll,Aston Martin Aramco Mercedes,20,66,DNF,0,01:23.3,2023
Mexico,NC,14,Fernando Alonso,Aston Martin Aramco Mercedes,13,47,DNF,0,01:23.5,2023
Mexico,NC,20,Kevin Magnussen,Haas Ferrari,16,31,DNF,0,01:23.1,2023
Mexico,NC,11,Sergio Perez,Red Bull Racing Honda,5,1,DNF,0,,2023
Brazil,1,1,Max Verstappen,Red Bull Racing Honda,1,71,56:48.9,25,01:13.4,2023
Brazil,2,4,Lando Norris,McLaren Mercedes,6,71,8.227,19,01:12.5,2023
Brazil,3,14,Fernando Alonso,Aston Martin Aramco Mercedes,4,71,34.155,15,01:14.4,2023
Brazil,4,11,Sergio Perez,Red Bull Racing Honda,9,71,34.208,12,01:14.1,2023
Brazil,5,18,Lance Stroll,Aston Martin Aramco Mercedes,3,71,40.845,10,01:14.0,2023
Brazil,6,55,Carlos Sainz,Ferrari,7,71,50.188,8,01:14.4,2023
Brazil,7,10,Pierre Gasly,Alpine Renault,15,71,56.093,6,01:14.5,2023
Brazil,8,44,Lewis Hamilton,Mercedes,5,71,62.859,4,01:14.7,2023
Brazil,9,22,Yuki Tsunoda,AlphaTauri Honda RBPT,16,71,69.88,2,01:14.2,2023
Brazil,10,31,Esteban Ocon,Alpine Renault,14,70,+1 lap,1,01:14.2,2023
Brazil,11,2,Logan Sargeant,Williams Mercedes,19,70,+1 lap,0,01:15.7,2023
Brazil,12,27,Nico Hulkenberg,Haas Ferrari,11,70,+1 lap,0,01:15.0,2023
Brazil,13,3,Daniel Ricciardo,AlphaTauri Honda RBPT,17,70,+1 lap,0,01:13.9,2023
Brazil,14,81,Oscar Piastri,McLaren Mercedes,10,69,+2 laps,0,01:14.3,2023
Brazil,NC,63,George Russell,Mercedes,8,57,DNF,0,01:14.9,2023
Brazil,NC,77,Valtteri Bottas,Alfa Romeo Ferrari,18,39,DNF,0,01:15.7,2023
Brazil,NC,24,Guanyu Zhou,Alfa Romeo Ferrari,20,22,DNF,0,01:16.2,2023
Brazil,NC,20,Kevin Magnussen,Haas Ferrari,12,0,DNF,0,,2023
Brazil,NC,23,Alexander Albon,Williams Mercedes,13,0,DNF,0,,2023
Brazil,NC,16,Charles Leclerc,Ferrari,2,0,DNS,0,,2023
Las Vegas,1,1,Max Verstappen,Red Bull Racing Honda,2,50,29:08.3,25,01:35.6,2023
Las Vegas,2,16,Charles Leclerc,Ferrari,1,50,2.07,18,01:35.7,2023
Las Vegas,3,11,Sergio Perez,Red Bull Racing Honda,11,50,2.241,15,01:35.9,2023
Las Vegas,4,31,Esteban Ocon,Alpine Renault,16,50,18.665,12,01:36.6,2023
Las Vegas,5,18,Lance Stroll,Aston Martin Aramco Mercedes,19,50,20.067,10,01:36.6,2023
Las Vegas,6,55,Carlos Sainz,Ferrari,12,50,20.834,8,01:36.0,2023
Las Vegas,7,44,Lewis Hamilton,Mercedes,10,50,21.755,6,01:35.7,2023
Las Vegas,8,63,George Russell,Mercedes,3,50,23.091,4,01:36.1,2023
Las Vegas,9,14,Fernando Alonso,Aston Martin Aramco Mercedes,9,50,25.964,2,01:36.6,2023
Las Vegas,10,81,Oscar Piastri,McLaren Mercedes,18,50,29.496,2,01:35.5,2023
Las Vegas,11,10,Pierre Gasly,Alpine Renault,4,50,34.27,0,01:36.9,2023
Las Vegas,12,23,Alexander Albon,Williams Mercedes,5,50,43.398,0,01:37.4,2023
Las Vegas,13,20,Kevin Magnussen,Haas Ferrari,8,50,44.825,0,01:37.5,2023
Las Vegas,14,3,Daniel Ricciardo,AlphaTauri Honda RBPT,14,50,48.525,0,01:37.1,2023
Las Vegas,15,24,Guanyu Zhou,Alfa Romeo Ferrari,17,50,50.162,0,01:37.4,2023
Las Vegas,16,2,Logan Sargeant,Williams Mercedes,6,50,50.882,0,01:37.7,2023
Las Vegas,17,77,Valtteri Bottas,Alfa Romeo Ferrari,7,50,85.35,0,01:37.6,2023
Las Vegas,18,22,Yuki Tsunoda,AlphaTauri Honda RBPT,20,46,DNF,0,01:37.6,2023
Las Vegas,19,27,Nico Hulkenberg,Haas Ferrari,13,45,DNF,0,01:37.6,2023
Las Vegas,NC,4,Lando Norris,McLaren Mercedes,15,2,DNF,0,01:59.3,2023
Abu Dhabi,1,1,Max Verstappen,Red Bull Racing Honda,1,58,27:02.6,26,01:27.0,2023
Abu Dhabi,2,16,Charles Leclerc,Ferrari,2,58,17.993,18,01:28.2,2023
Abu Dhabi,3,63,George Russell,Mercedes,4,58,20.328,15,01:28.2,2023
Abu Dhabi,4,11,Sergio Perez,Red Bull Racing Honda,9,58,21.453,12,01:27.5,2023
Abu Dhabi,5,4,Lando Norris,McLaren Mercedes,5,58,24.284,10,01:28.2,2023
Abu Dhabi,6,81,Oscar Piastri,McLaren Mercedes,3,58,31.487,8,01:28.1,2023
Abu Dhabi,7,14,Fernando Alonso,Aston Martin Aramco Mercedes,7,58,39.512,6,01:28.3,2023
Abu Dhabi,8,22,Yuki Tsunoda,AlphaTauri Honda RBPT,6,58,43.088,4,01:29.3,2023
Abu Dhabi,9,44,Lewis Hamilton,Mercedes,11,58,44.424,2,01:28.4,2023
Abu Dhabi,10,18,Lance Stroll,Aston Martin Aramco Mercedes,13,58,55.632,1,01:28.1,2023
Abu Dhabi,11,3,Daniel Ricciardo,AlphaTauri Honda RBPT,15,58,56.229,0,01:28.6,2023
Abu Dhabi,12,31,Esteban Ocon,Alpine Renault,12,58,66.373,0,01:30.0,2023
Abu Dhabi,13,10,Pierre Gasly,Alpine Renault,10,58,70.36,0,01:29.0,2023
Abu Dhabi,14,23,Alexander Albon,Williams Mercedes,14,58,73.184,0,01:27.8,2023
Abu Dhabi,15,27,Nico Hulkenberg,Haas Ferrari,8,58,83.696,0,01:29.2,2023
Abu Dhabi,16,2,Logan Sargeant,Williams Mercedes,20,58,87.791,0,01:28.6,2023
Abu Dhabi,17,24,Guanyu Zhou,Alfa Romeo Ferrari,19,58,89.422,0,01:28.7,2023
Abu Dhabi,18,55,Carlos Sainz,Ferrari,16,57,DNF,0,01:29.5,2023
Abu Dhabi,19,77,Valtteri Bottas,Alfa Romeo Ferrari,18,57,+1 lap,0,01:29.9,2023
Abu Dhabi,20,20,Kevin Magnussen,Haas Ferrari,17,57,+1 lap,0,01:29.9,2023
Bahrain,1,16,Charles Leclerc,Ferrari,1,57,37:33.6,26,01:34.6,2022
Bahrain,2,55,Carlos Sainz,Ferrari,3,57,5.598,18,01:35.7,2022
Bahrain,3,44,Lewis Hamilton,Mercedes,5,57,9.675,15,01:36.2,2022
Bahrain,4,63,George Russell,Mercedes,9,57,11.211,12,01:36.3,2022
Bahrain,5,20,Kevin Magnussen,Haas Ferrari,7,57,14.754,10,01:36.6,2022
Bahrain,6,77,Valtteri Bottas,Alfa Romeo Ferrari,6,57,16.119,8,01:36.6,2022
Bahrain,7,31,Esteban Ocon,Alpine Renault,11,57,19.423,6,01:37.1,2022
Bahrain,8,22,Yuki Tsunoda,AlphaTauri RBPT,16,57,20.386,4,01:37.1,2022
Bahrain,9,14,Fernando Alonso,Alpine Renault,8,57,22.39,2,01:36.7,2022
Bahrain,10,24,Guanyu Zhou,Alfa Romeo Ferrari,15,57,23.064,1,01:36.7,2022
Bahrain,11,47,Mick Schumacher,Haas Ferrari,12,57,32.574,0,01:37.0,2022
Bahrain,12,18,Lance Stroll,Aston Martin Aramco Mercedes,19,57,45.873,0,01:37.1,2022
Bahrain,13,23,Alexander Albon,Williams Mercedes,14,57,53.932,0,01:37.4,2022
Bahrain,14,3,Daniel Ricciardo,McLaren Mercedes,18,57,54.975,0,01:37.3,2022
Bahrain,15,4,Lando Norris,McLaren Mercedes,13,57,56.335,0,01:37.0,2022
Bahrain,16,6,Nicholas Latifi,Williams Mercedes,20,57,61.795,0,01:38.3,2022
Bahrain,17,27,Nico Hulkenberg,Aston Martin Aramco Mercedes,17,57,63.829,0,01:38.2,2022
Bahrain,18,11,Sergio Perez,Red Bull Racing Honda,4,56,DNF,0,01:36.1,2022
Bahrain,19,1,Max Verstappen,Red Bull Racing Honda,2,54,DNF,0,01:35.4,2022
Bahrain,NC,10,Pierre Gasly,AlphaTauri RBPT,10,44,DNF,0,01:37.3,2022
Saudi Arabia,1,1,Max Verstappen,Red Bull Racing Honda,4,50,24:19.3,25,01:31.8,2022
Saudi Arabia,2,16,Charles Leclerc,Ferrari,2,50,0.549,19,01:31.6,2022
Saudi Arabia,3,55,Carlos Sainz,Ferrari,3,50,8.097,15,01:31.9,2022
Saudi Arabia,4,11,Sergio Perez,Red Bull Racing Honda,1,50,10.8,12,01:32.0,2022
Saudi Arabia,5,63,George Russell,Mercedes,6,50,32.732,10,01:32.8,2022
Saudi Arabia,6,31,Esteban Ocon,Alpine Renault,5,50,56.017,8,01:33.1,2022
Saudi Arabia,7,4,Lando Norris,McLaren Mercedes,11,50,56.124,6,01:32.8,2022
Saudi Arabia,8,10,Pierre Gasly,AlphaTauri RBPT,9,50,62.946,4,01:33.5,2022
Saudi Arabia,9,20,Kevin Magnussen,Haas Ferrari,10,50,64.308,2,01:32.8,2022
Saudi Arabia,10,44,Lewis Hamilton,Mercedes,15,50,73.948,1,01:33.0,2022
Saudi Arabia,11,24,Guanyu Zhou,Alfa Romeo Ferrari,12,50,82.215,0,01:33.9,2022
Saudi Arabia,12,27,Nico Hulkenberg,Aston Martin Aramco Mercedes,17,50,91.742,0,01:33.7,2022
Saudi Arabia,13,18,Lance Stroll,Aston Martin Aramco Mercedes,13,49,+1 lap,0,01:34.4,2022
Saudi Arabia,14,23,Alexander Albon,Williams Mercedes,16,47,DNF,0,01:34.4,2022
Saudi Arabia,NC,77,Valtteri Bottas,Alfa Romeo Ferrari,8,36,DNF,0,01:34.0,2022
Saudi Arabia,NC,14,Fernando Alonso,Alpine Renault,7,35,DNF,0,01:33.8,2022
Saudi Arabia,NC,3,Daniel Ricciardo,McLaren Mercedes,14,35,DNF,0,01:34.5,2022
Saudi Arabia,NC,6,Nicholas Latifi,Williams Mercedes,18,14,DNF,0,01:37.5,2022
Saudi Arabia,NC,22,Yuki Tsunoda,AlphaTauri RBPT,19,0,DNS,0,,2022
Saudi Arabia,NC,47,Mick Schumacher,Haas Ferrari,20,0,DNS,0,,2022
Australia,1,16,Charles Leclerc,Ferrari,1,58,27:46.5,26,,2022
Australia,2,11,Sergio Perez,Red Bull Racing Honda,3,58,20.524,18,,2022
Australia,3,63,George Russell,Mercedes,6,58,25.593,15,,2022
Australia,4,44,Lewis Hamilton,Mercedes,5,58,28.543,12,,2022
Australia,5,4,Lando Norris,McLaren Mercedes,4,58,53.303,10,,2022
Australia,6,3,Daniel Ricciardo,McLaren Mercedes,7,58,53.737,8,,2022
Australia,7,31,Esteban Ocon,Alpine Renault,8,58,61.683,6,,2022
Australia,8,77,Valtteri Bottas,Alfa Romeo Ferrari,12,58,68.439,4,,2022
Australia,9,10,Pierre Gasly,AlphaTauri RBPT,11,58,76.221,2,,2022
Australia,10,23,Alexander Albon,Williams Mercedes,20,58,79.382,1,,2022
Australia,11,24,Guanyu Zhou,Alfa Romeo Ferrari,14,58,81.695,0,,2022
Australia,12,18,Lance Stroll,Aston Martin Aramco Mercedes,19,58,88.598,0,,2022
Australia,13,47,Mick Schumacher,Haas Ferrari,15,57,+1 lap,0,,2022
Australia,14,20,Kevin Magnussen,Haas Ferrari,16,57,+1 lap,0,,2022
Australia,15,22,Yuki Tsunoda,AlphaTauri RBPT,13,57,+1 lap,0,,2022
Australia,16,6,Nicholas Latifi,Williams Mercedes,18,57,+1 lap,0,,2022
Australia,17,14,Fernando Alonso,Alpine Renault,10,57,+1 lap,0,,2022
Australia,NC,1,Max Verstappen,Red Bull Racing Honda,2,38,DNF,0,,2022
Australia,NC,5,Sebastian Vettel,Aston Martin Aramco Mercedes,17,22,DNF,0,,2022
Australia,NC,55,Carlos Sainz,Ferrari,9,1,DNF,0,,2022
Emilia Romagna,1,1,Max Verstappen,Red Bull Racing Honda,1,63,32:08.0,26,,2022
Emilia Romagna,2,11,Sergio Perez,Red Bull Racing Honda,3,63,16.527,18,,2022
Emilia Romagna,3,4,Lando Norris,McLaren Mercedes,5,63,34.834,15,,2022
Emilia Romagna,4,63,George Russell,Mercedes,11,63,42.506,12,,2022
Emilia Romagna,5,77,Valtteri Bottas,Alfa Romeo Ferrari,7,63,43.181,10,,2022
Emilia Romagna,6,16,Charles Leclerc,Ferrari,2,63,56.072,8,,2022
Emilia Romagna,7,22,Yuki Tsunoda,AlphaTauri RBPT,12,63,61.11,6,,2022
Emilia Romagna,8,5,Sebastian Vettel,Aston Martin Aramco Mercedes,13,63,70.892,4,,2022
Emilia Romagna,9,20,Kevin Magnussen,Haas Ferrari,8,63,75.26,2,,2022
Emilia Romagna,10,18,Lance Stroll,Aston Martin Aramco Mercedes,15,62,+1 lap,1,,2022
Emilia Romagna,11,23,Alexander Albon,Williams Mercedes,18,62,+1 lap,0,,2022
Emilia Romagna,12,10,Pierre Gasly,AlphaTauri RBPT,17,62,+1 lap,0,,2022
Emilia Romagna,13,44,Lewis Hamilton,Mercedes,14,62,+1 lap,0,,2022
Emilia Romagna,14,31,Esteban Ocon,Alpine Renault,16,62,+1 lap,0,,2022
Emilia Romagna,15,24,Guanyu Zhou,Alfa Romeo Ferrari,20,62,+1 lap,0,,2022
Emilia Romagna,16,6,Nicholas Latifi,Williams Mercedes,19,62,+1 lap,0,,2022
Emilia Romagna,17,47,Mick Schumacher,Haas Ferrari,10,62,+1 lap,0,,2022
Emilia Romagna,18,3,Daniel Ricciardo,McLaren Mercedes,6,62,+1 lap,0,,2022
Emilia Romagna,NC,14,Fernando Alonso,Alpine Renault,9,6,DNF,0,,2022
Emilia Romagna,NC,55,Carlos Sainz,Ferrari,4,0,DNF,0,,2022
Miami,1,1,Max Verstappen,Red Bull Racing Honda,3,57,34:24.3,26,,2022
Miami,2,16,Charles Leclerc,Ferrari,1,57,3.786,18,,2022
Miami,3,55,Carlos Sainz,Ferrari,2,57,8.229,15,,2022
Miami,4,11,Sergio Perez,Red Bull Racing Honda,4,57,10.638,12,,2022
Miami,5,63,George Russell,Mercedes,12,57,18.582,10,,2022
Miami,6,44,Lewis Hamilton,Mercedes,6,57,21.368,8,,2022
Miami,7,77,Valtteri Bottas,Alfa Romeo Ferrari,5,57,25.073,6,,2022
Miami,8,31,Esteban Ocon,Alpine Renault,20,57,28.386,4,,2022
Miami,9,23,Alexander Albon,Williams Mercedes,18,57,32.365,2,,2022
Miami,10,18,Lance Stroll,Aston Martin Aramco Mercedes,10,57,37.026,1,,2022
Miami,11,14,Fernando Alonso,Alpine Renault,11,57,37.128,0,,2022
Miami,12,22,Yuki Tsunoda,AlphaTauri RBPT,9,57,40.146,0,,2022
Miami,13,3,Daniel Ricciardo,McLaren Mercedes,14,57,40.902,0,,2022
Miami,14,6,Nicholas Latifi,Williams Mercedes,19,57,49.936,0,,2022
Miami,15,47,Mick Schumacher,Haas Ferrari,15,57,73.305,0,,2022
Miami,16,20,Kevin Magnussen,Haas Ferrari,16,56,DNF,0,,2022
Miami,17,5,Sebastian Vettel,Aston Martin Aramco Mercedes,13,54,DNF,0,,2022
Miami,NC,10,Pierre Gasly,AlphaTauri RBPT,7,45,DNF,0,,2022
Miami,NC,4,Lando Norris,McLaren Mercedes,8,39,DNF,0,,2022
Miami,NC,24,Guanyu Zhou,Alfa Romeo Ferrari,17,6,DNF,0,,2022
Spain,1,1,Max Verstappen,Red Bull Racing Honda,2,66,37:20.5,25,,2022
Spain,2,11,Sergio Perez,Red Bull Racing Honda,5,66,13.072,19,,2022
Spain,3,63,George Russell,Mercedes,4,66,32.927,15,,2022
Spain,4,55,Carlos Sainz,Ferrari,3,66,45.208,12,,2022
Spain,5,44,Lewis Hamilton,Mercedes,6,66,54.534,10,,2022
Spain,6,77,Valtteri Bottas,Alfa Romeo Ferrari,7,66,59.976,8,,2022
Spain,7,31,Esteban Ocon,Alpine Renault,12,66,75.397,6,,2022
Spain,8,4,Lando Norris,McLaren Mercedes,11,66,83.235,4,,2022
Spain,9,14,Fernando Alonso,Alpine Renault,20,65,+1 lap,2,,2022
Spain,10,22,Yuki Tsunoda,AlphaTauri RBPT,13,65,+1 lap,1,,2022
Spain,11,5,Sebastian Vettel,Aston Martin Aramco Mercedes,16,65,+1 lap,0,,2022
Spain,12,3,Daniel Ricciardo,McLaren Mercedes,9,65,+1 lap,0,,2022
Spain,13,10,Pierre Gasly,AlphaTauri RBPT,14,65,+1 lap,0,,2022
Spain,14,47,Mick Schumacher,Haas Ferrari,10,65,+1 lap,0,,2022
Spain,15,18,Lance Stroll,Aston Martin Aramco Mercedes,17,65,+1 lap,0,,2022
Spain,16,6,Nicholas Latifi,Williams Mercedes,19,64,+2 laps,0,,2022
Spain,17,20,Kevin Magnussen,Haas Ferrari,8,64,+2 laps,0,,2022
Spain,18,23,Alexander Albon,Williams Mercedes,18,64,+2 laps,0,,2022
Spain,NC,24,Guanyu Zhou,Alfa Romeo Ferrari,15,28,DNF,0,,2022
Spain,NC,16,Charles Leclerc,Ferrari,1,27,DNF,0,,2022
Monaco,1,11,Sergio Perez,Red Bull Racing Honda,3,64,56:30.3,25,,2022
Monaco,2,55,Carlos Sainz,Ferrari,2,64,1.154,18,,2022
Monaco,3,1,Max Verstappen,Red Bull Racing Honda,4,64,1.491,15,,2022
Monaco,4,16,Charles Leclerc,Ferrari,1,64,2.922,12,,2022
Monaco,5,63,George Russell,Mercedes,6,64,11.968,10,,2022
Monaco,6,4,Lando Norris,McLaren Mercedes,5,64,12.231,9,,2022
Monaco,7,14,Fernando Alonso,Alpine Renault,7,64,46.358,6,,2022
Monaco,8,44,Lewis Hamilton,Mercedes,8,64,50.388,4,,2022
Monaco,9,77,Valtteri Bottas,Alfa Romeo Ferrari,12,64,52.525,2,,2022
Monaco,10,5,Sebastian Vettel,Aston Martin Aramco Mercedes,9,64,53.536,1,,2022
Monaco,11,10,Pierre Gasly,AlphaTauri RBPT,17,64,54.289,0,,2022
Monaco,12,31,Esteban Ocon,Alpine Renault,10,64,55.644,0,,2022
Monaco,13,3,Daniel Ricciardo,McLaren Mercedes,14,64,57.635,0,,2022
Monaco,14,18,Lance Stroll,Aston Martin Aramco Mercedes,18,64,60.802,0,,2022
Monaco,15,6,Nicholas Latifi,Williams Mercedes,19,63,+1 lap,0,,2022
Monaco,16,24,Guanyu Zhou,Alfa Romeo Ferrari,20,63,+1 lap,0,,2022
Monaco,17,22,Yuki Tsunoda,AlphaTauri RBPT,11,63,+1 lap,0,,2022
Monaco,NC,23,Alexander Albon,Williams Mercedes,16,48,DNF,0,,2022
Monaco,NC,47,Mick Schumacher,Haas Ferrari,15,24,DNF,0,,2022
Monaco,NC,20,Kevin Magnussen,Haas Ferrari,13,19,DNF,0,,2022
Azerbaijan,1,1,Max Verstappen,Red Bull Racing Honda,3,51,34:05.9,25,,2022
Azerbaijan,2,11,Sergio Perez,Red Bull Racing Honda,2,51,20.823,19,,2022
Azerbaijan,3,63,George Russell,Mercedes,5,51,45.995,15,,2022
Azerbaijan,4,44,Lewis Hamilton,Mercedes,7,51,71.679,12,,2022
Azerbaijan,5,10,Pierre Gasly,AlphaTauri RBPT,6,51,77.299,10,,2022
Azerbaijan,6,5,Sebastian Vettel,Aston Martin Aramco Mercedes,9,51,84.099,8,,2022
Azerbaijan,7,14,Fernando Alonso,Alpine Renault,10,51,88.596,6,,2022
Azerbaijan,8,3,Daniel Ricciardo,McLaren Mercedes,12,51,92.207,4,,2022
Azerbaijan,9,4,Lando Norris,McLaren Mercedes,11,51,92.556,2,,2022
Azerbaijan,10,31,Esteban Ocon,Alpine Renault,13,51,108.184,1,,2022
Azerbaijan,11,77,Valtteri Bottas,Alfa Romeo Ferrari,15,50,+1 lap,0,,2022
Azerbaijan,12,23,Alexander Albon,Williams Mercedes,17,50,+1 lap,0,,2022
Azerbaijan,13,22,Yuki Tsunoda,AlphaTauri RBPT,8,50,+1 lap,0,,2022
Azerbaijan,14,47,Mick Schumacher,Haas Ferrari,20,50,+1 lap,0,,2022
Azerbaijan,15,6,Nicholas Latifi,Williams Mercedes,18,50,+1 lap,0,,2022
Azerbaijan,16,18,Lance Stroll,Aston Martin Aramco Mercedes,19,46,DNF,0,,2022
Azerbaijan,NC,20,Kevin Magnussen,Haas Ferrari,16,31,DNF,0,,2022
Azerbaijan,NC,24,Guanyu Zhou,Alfa Romeo Ferrari,14,23,DNF,0,,2022
Azerbaijan,NC,16,Charles Leclerc,Ferrari,1,21,DNF,0,,2022
Azerbaijan,NC,55,Carlos Sainz,Ferrari,4,8,DNF,0,,2022
Canada,1,1,Max Verstappen,Red Bull Racing Honda,1,70,36:21.8,25,,2022
Canada,2,55,Carlos Sainz,Ferrari,3,70,0.993,19,,2022
Canada,3,44,Lewis Hamilton,Mercedes,4,70,7.006,15,,2022
Canada,4,63,George Russell,Mercedes,8,70,12.313,12,,2022
Canada,5,16,Charles Leclerc,Ferrari,19,70,15.168,10,,2022
Canada,6,31,Esteban Ocon,Alpine Renault,7,70,23.89,8,,2022
Canada,7,77,Valtteri Bottas,Alfa Romeo Ferrari,11,70,25.247,6,,2022
Canada,8,24,Guanyu Zhou,Alfa Romeo Ferrari,10,70,26.952,4,,2022
Canada,9,14,Fernando Alonso,Alpine Renault,2,70,29.945,2,,2022
Canada,10,18,Lance Stroll,Aston Martin Aramco Mercedes,17,70,38.222,1,,2022
Canada,11,3,Daniel Ricciardo,McLaren Mercedes,9,70,43.047,0,,2022
Canada,12,5,Sebastian Vettel,Aston Martin Aramco Mercedes,16,70,44.245,0,,2022
Canada,13,23,Alexander Albon,Williams Mercedes,12,70,44.893,0,,2022
Canada,14,10,Pierre Gasly,AlphaTauri RBPT,15,70,45.183,0,,2022
Canada,15,4,Lando Norris,McLaren Mercedes,14,70,52.145,0,,2022
Canada,16,6,Nicholas Latifi,Williams Mercedes,18,70,59.978,0,,2022
Canada,17,20,Kevin Magnussen,Haas Ferrari,5,70,68.18,0,,2022
Canada,NC,22,Yuki Tsunoda,AlphaTauri RBPT,20,47,DNF,0,,2022
Canada,NC,47,Mick Schumacher,Haas Ferrari,6,18,DNF,0,,2022
Canada,NC,11,Sergio Perez,Red Bull Racing Honda,13,7,DNF,0,,2022
Great Britain,1,55,Carlos Sainz,Ferrari,1,52,17:50.3,25,,2022
Great Britain,2,11,Sergio Perez,Red Bull Racing Honda,4,52,3.779,18,,2022
Great Britain,3,44,Lewis Hamilton,Mercedes,5,52,6.225,16,,2022
Great Britain,4,16,Charles Leclerc,Ferrari,3,52,8.546,12,,2022
Great Britain,5,14,Fernando Alonso,Alpine Renault,7,52,9.571,10,,2022
Great Britain,6,4,Lando Norris,McLaren Mercedes,6,52,11.943,8,,2022
Great Britain,7,1,Max Verstappen,Red Bull Racing Honda,2,52,18.777,6,,2022
Great Britain,8,47,Mick Schumacher,Haas Ferrari,19,52,18.995,4,,2022
Great Britain,9,5,Sebastian Vettel,Aston Martin Aramco Mercedes,18,52,22.356,2,,2022
Great Britain,10,20,Kevin Magnussen,Haas Ferrari,17,52,24.59,1,,2022
Great Britain,11,18,Lance Stroll,Aston Martin Aramco Mercedes,20,52,26.147,0,,2022
Great Britain,12,6,Nicholas Latifi,Williams Mercedes,10,52,32.511,0,,2022
Great Britain,13,3,Daniel Ricciardo,McLaren Mercedes,14,52,32.817,0,,2022
Great Britain,14,22,Yuki Tsunoda,AlphaTauri RBPT,13,52,40.91,0,,2022
Great Britain,NC,31,Esteban Ocon,Alpine Renault,15,37,DNF,0,,2022
Great Britain,NC,10,Pierre Gasly,AlphaTauri RBPT,11,26,DNF,0,,2022
Great Britain,NC,77,Valtteri Bottas,Alfa Romeo Ferrari,12,20,DNF,0,,2022
Great Britain,NC,63,George Russell,Mercedes,8,0,DNF,0,,2022
Great Britain,NC,24,Guanyu Zhou,Alfa Romeo Ferrari,9,0,DNF,0,,2022
Great Britain,NC,23,Alexander Albon,Williams Mercedes,16,0,DNF,0,,2022
Austria,1,16,Charles Leclerc,Ferrari,2,71,24:24.3,25,,2022
Austria,2,1,Max Verstappen,Red Bull Racing Honda,1,71,1.532,19,,2022
Austria,3,44,Lewis Hamilton,Mercedes,8,71,41.217,15,,2022
Austria,4,63,George Russell,Mercedes,4,71,58.972,12,,2022
Austria,5,31,Esteban Ocon,Alpine Renault,6,71,68.436,10,,2022
Austria,6,47,Mick Schumacher,Haas Ferrari,9,70,+1 lap,8,,2022
Austria,7,4,Lando Norris,McLaren Mercedes,10,70,+1 lap,6,,2022
Austria,8,20,Kevin Magnussen,Haas Ferrari,7,70,+1 lap,4,,2022
Austria,9,3,Daniel Ricciardo,McLaren Mercedes,11,70,+1 lap,2,,2022
Austria,10,14,Fernando Alonso,Alpine Renault,19,70,+1 lap,1,,2022
Austria,11,77,Valtteri Bottas,Alfa Romeo Ferrari,20,70,+1 lap,0,,2022
Austria,12,23,Alexander Albon,Williams Mercedes,15,70,+1 lap,0,,2022
Austria,13,18,Lance Stroll,Aston Martin Aramco Mercedes,12,70,+1 lap,0,,2022
Austria,14,24,Guanyu Zhou,Alfa Romeo Ferrari,13,70,+1 lap,0,,2022
Austria,15,10,Pierre Gasly,AlphaTauri RBPT,14,70,+1 lap,0,,2022
Austria,16,22,Yuki Tsunoda,AlphaTauri RBPT,16,70,+1 lap,0,,2022
Austria,17,5,Sebastian Vettel,Aston Martin Aramco Mercedes,18,70,+1 lap,0,,2022
Austria,NC,55,Carlos Sainz,Ferrari,3,56,DNF,0,,2022
Austria,NC,6,Nicholas Latifi,Williams Mercedes,17,48,DNF,0,,2022
Austria,NC,11,Sergio Perez,Red Bull Racing Honda,5,24,DNF,0,,2022
France,1,1,Max Verstappen,Red Bull Racing Honda,2,53,30:02.1,25,,2022
France,2,44,Lewis Hamilton,Mercedes,4,53,10.587,18,,2022
France,3,63,George Russell,Mercedes,6,53,16.495,15,,2022
France,4,11,Sergio Perez,Red Bull Racing Honda,3,53,17.31,12,,2022
France,5,55,Carlos Sainz,Ferrari,19,53,28.872,11,,2022
France,6,14,Fernando Alonso,Alpine Renault,7,53,42.879,8,,2022
France,7,4,Lando Norris,McLaren Mercedes,5,53,52.026,6,,2022
France,8,31,Esteban Ocon,Alpine Renault,10,53,56.959,4,,2022
France,9,3,Daniel Ricciardo,McLaren Mercedes,9,53,60.372,2,,2022
France,10,18,Lance Stroll,Aston Martin Aramco Mercedes,15,53,62.549,1,,2022
France,11,5,Sebastian Vettel,Aston Martin Aramco Mercedes,12,53,65.448,0,,2022
France,12,10,Pierre Gasly,AlphaTauri RBPT,14,53,65.448,0,,2022
France,13,23,Alexander Albon,Williams Mercedes,13,53,68.565,0,,2022
France,14,77,Valtteri Bottas,Alfa Romeo Ferrari,11,53,76.666,0,,2022
France,15,47,Mick Schumacher,Haas Ferrari,17,53,80.394,0,,2022
France,16,24,Guanyu Zhou,Alfa Romeo Ferrari,16,47,+6 laps,0,,2022
France,NC,6,Nicholas Latifi,Williams Mercedes,18,40,DNF,0,,2022
France,NC,20,Kevin Magnussen,Haas Ferrari,20,37,DNF,0,,2022
France,NC,16,Charles Leclerc,Ferrari,1,17,DNF,0,,2022
France,NC,22,Yuki Tsunoda,AlphaTauri RBPT,8,17,DNF,0,,2022
Hungary,1,1,Max Verstappen,Red Bull Racing Honda,10,70,39:25.9,25,,2022
Hungary,2,44,Lewis Hamilton,Mercedes,7,70,7.834,19,,2022
Hungary,3,63,George Russell,Mercedes,1,70,12.337,15,,2022
Hungary,4,55,Carlos Sainz,Ferrari,2,70,14.579,12,,2022
Hungary,5,11,Sergio Perez,Red Bull Racing Honda,11,70,15.688,10,,2022
Hungary,6,16,Charles Leclerc,Ferrari,3,70,16.047,8,,2022
Hungary,7,4,Lando Norris,McLaren Mercedes,4,70,78.3,6,,2022
Hungary,8,14,Fernando Alonso,Alpine Renault,6,69,+1 lap,4,,2022
Hungary,9,31,Esteban Ocon,Alpine Renault,5,69,+1 lap,2,,2022
Hungary,10,5,Sebastian Vettel,Aston Martin Aramco Mercedes,18,69,+1 lap,1,,2022
Hungary,11,18,Lance Stroll,Aston Martin Aramco Mercedes,14,69,+1 lap,0,,2022
Hungary,12,10,Pierre Gasly,AlphaTauri RBPT,20,69,+1 lap,0,,2022
Hungary,13,24,Guanyu Zhou,Alfa Romeo Ferrari,12,69,+1 lap,0,,2022
Hungary,14,47,Mick Schumacher,Haas Ferrari,15,69,+1 lap,0,,2022
Hungary,15,3,Daniel Ricciardo,McLaren Mercedes,9,69,+1 lap,0,,2022
Hungary,16,20,Kevin Magnussen,Haas Ferrari,13,69,+1 lap,0,,2022
Hungary,17,23,Alexander Albon,Williams Mercedes,17,69,+1 lap,0,,2022
Hungary,18,6,Nicholas Latifi,Williams Mercedes,19,69,+1 lap,0,,2022
Hungary,19,22,Yuki Tsunoda,AlphaTauri RBPT,16,68,+2 laps,0,,2022
Hungary,20,77,Valtteri Bottas,Alfa Romeo Ferrari,8,65,DNF,0,,2022
Belgium,1,1,Max Verstappen,Red Bull Racing Honda,14,44,25:52.9,26,,2022
Belgium,2,11,Sergio Perez,Red Bull Racing Honda,2,44,17.841,18,,2022
Belgium,3,55,Carlos Sainz,Ferrari,1,44,26.886,15,,2022
Belgium,4,63,George Russell,Mercedes,5,44,29.14,12,,2022
Belgium,5,14,Fernando Alonso,Alpine Renault,3,44,73.256,10,,2022
Belgium,6,16,Charles Leclerc,Ferrari,15,44,74.936,8,,2022
Belgium,7,31,Esteban Ocon,Alpine Renault,16,44,75.64,6,,2022
Belgium,8,5,Sebastian Vettel,Aston Martin Aramco Mercedes,10,44,78.107,4,,2022
Belgium,9,10,Pierre Gasly,AlphaTauri RBPT,8,44,92.181,2,,2022
Belgium,10,23,Alexander Albon,Williams Mercedes,6,44,101.9,1,,2022
Belgium,11,18,Lance Stroll,Aston Martin Aramco Mercedes,9,44,103.078,0,,2022
Belgium,12,4,Lando Norris,McLaren Mercedes,17,44,104.739,0,,2022
Belgium,13,22,Yuki Tsunoda,AlphaTauri RBPT,20,44,105.217,0,,2022
Belgium,14,24,Guanyu Zhou,Alfa Romeo Ferrari,18,44,106.252,0,,2022
Belgium,15,3,Daniel Ricciardo,McLaren Mercedes,7,44,107.163,0,,2022
Belgium,16,20,Kevin Magnussen,Haas Ferrari,12,43,+1 lap,0,,2022
Belgium,17,47,Mick Schumacher,Haas Ferrari,19,43,+1 lap,0,,2022
Belgium,18,6,Nicholas Latifi,Williams Mercedes,11,43,+1 lap,0,,2022
Belgium,NC,77,Valtteri Bottas,Alfa Romeo Ferrari,13,1,DNF,0,,2022
Belgium,NC,44,Lewis Hamilton,Mercedes,4,0,DNF,0,,2022
Netherlands,1,1,Max Verstappen,Red Bull Racing Honda,1,72,36:42.8,26,,2022
Netherlands,2,63,George Russell,Mercedes,6,72,4.071,18,,2022
Netherlands,3,16,Charles Leclerc,Ferrari,2,72,10.929,15,,2022
Netherlands,4,44,Lewis Hamilton,Mercedes,4,72,13.016,12,,2022
Netherlands,5,11,Sergio Perez,Red Bull Racing Honda,5,72,18.168,10,,2022
Netherlands,6,14,Fernando Alonso,Alpine Renault,13,72,18.754,8,,2022
Netherlands,7,4,Lando Norris,McLaren Mercedes,7,72,19.306,6,,2022
Netherlands,8,55,Carlos Sainz,Ferrari,3,72,20.916,4,,2022
Netherlands,9,31,Esteban Ocon,Alpine Renault,12,72,21.117,2,,2022
Netherlands,10,18,Lance Stroll,Aston Martin Aramco Mercedes,10,72,22.459,1,,2022
Netherlands,11,10,Pierre Gasly,AlphaTauri RBPT,11,72,27.009,0,,2022
Netherlands,12,23,Alexander Albon,Williams Mercedes,15,72,30.39,0,,2022
Netherlands,13,47,Mick Schumacher,Haas Ferrari,8,72,32.995,0,,2022
Netherlands,14,5,Sebastian Vettel,Aston Martin Aramco Mercedes,19,72,36.007,0,,2022
Netherlands,15,20,Kevin Magnussen,Haas Ferrari,18,72,36.869,0,,2022
Netherlands,16,24,Guanyu Zhou,Alfa Romeo Ferrari,14,72,37.32,0,,2022
Netherlands,17,3,Daniel Ricciardo,McLaren Mercedes,17,72,37.764,0,,2022
Netherlands,18,6,Nicholas Latifi,Williams Mercedes,20,71,+1 lap,0,,2022
Netherlands,NC,77,Valtteri Bottas,Alfa Romeo Ferrari,16,53,DNF,0,,2022
Netherlands,NC,22,Yuki Tsunoda,AlphaTauri RBPT,9,43,DNF,0,,2022
Italy,1,1,Max Verstappen,Red Bull Racing Honda,7,53,20:27.5,25,,2022
Italy,2,16,Charles Leclerc,Ferrari,1,53,2.446,18,,2022
Italy,3,63,George Russell,Mercedes,2,53,3.405,15,,2022
Italy,4,55,Carlos Sainz,Ferrari,18,53,5.061,12,,2022
Italy,5,44,Lewis Hamilton,Mercedes,19,53,5.38,10,,2022
Italy,6,11,Sergio Perez,Red Bull Racing Honda,13,53,6.091,9,,2022
Italy,7,4,Lando Norris,McLaren Mercedes,3,53,6.207,6,,2022
Italy,8,10,Pierre Gasly,AlphaTauri RBPT,5,53,6.396,4,,2022
Italy,9,45,Nyck De Vries,Williams Mercedes,8,53,7.122,2,,2022
Italy,10,24,Guanyu Zhou,Alfa Romeo Ferrari,9,53,7.91,1,,2022
Italy,11,31,Esteban Ocon,Alpine Renault,14,53,8.323,0,,2022
Italy,12,47,Mick Schumacher,Haas Ferrari,17,53,8.549,0,,2022
Italy,13,77,Valtteri Bottas,Alfa Romeo Ferrari,15,52,+1 lap,0,,2022
Italy,14,22,Yuki Tsunoda,AlphaTauri RBPT,20,52,+1 lap,0,,2022
Italy,15,6,Nicholas Latifi,Williams Mercedes,10,52,+1 lap,0,,2022
Italy,16,20,Kevin Magnussen,Haas Ferrari,16,52,+1 lap,0,,2022
Italy,NC,3,Daniel Ricciardo,McLaren Mercedes,4,45,DNF,0,,2022
Italy,NC,18,Lance Stroll,Aston Martin Aramco Mercedes,12,39,DNF,0,,2022
Italy,NC,14,Fernando Alonso,Alpine Renault,6,31,DNF,0,,2022
Italy,NC,5,Sebastian Vettel,Aston Martin Aramco Mercedes,11,10,DNF,0,,2022
Singapore,1,11,Sergio Perez,Red Bull Racing Honda,2,59,02:20.2,25,,2022
Singapore,2,16,Charles Leclerc,Ferrari,1,59,2.595,18,,2022
Singapore,3,55,Carlos Sainz,Ferrari,4,59,10.305,15,,2022
Singapore,4,4,Lando Norris,McLaren Mercedes,6,59,21.133,12,,2022
Singapore,5,3,Daniel Ricciardo,McLaren Mercedes,16,59,53.282,10,,2022
Singapore,6,18,Lance Stroll,Aston Martin Aramco Mercedes,11,59,56.33,8,,2022
Singapore,7,1,Max Verstappen,Red Bull Racing Honda,8,59,58.825,6,,2022
Singapore,8,5,Sebastian Vettel,Aston Martin Aramco Mercedes,13,59,60.032,4,,2022
Singapore,9,44,Lewis Hamilton,Mercedes,3,59,61.515,2,,2022
Singapore,10,10,Pierre Gasly,AlphaTauri RBPT,7,59,69.576,1,,2022
Singapore,11,77,Valtteri Bottas,Alfa Romeo Ferrari,15,59,88.844,0,,2022
Singapore,12,20,Kevin Magnussen,Haas Ferrari,9,59,92.61,0,,2022
Singapore,13,47,Mick Schumacher,Haas Ferrari,12,58,+1 lap,0,,2022
Singapore,14,63,George Russell,Mercedes,20,57,+2 laps,0,,2022
Singapore,NC,22,Yuki Tsunoda,AlphaTauri RBPT,10,34,DNF,0,,2022
Singapore,NC,31,Esteban Ocon,Alpine Renault,17,26,DNF,0,,2022
Singapore,NC,23,Alexander Albon,Williams Mercedes,18,25,DNF,0,,2022
Singapore,NC,14,Fernando Alonso,Alpine Renault,5,20,DNF,0,,2022
Singapore,NC,6,Nicholas Latifi,Williams Mercedes,19,7,DNF,0,,2022
Singapore,NC,24,Guanyu Zhou,Alfa Romeo Ferrari,14,6,DNF,0,,2022
Japan,1,1,Max Verstappen,Red Bull Racing Honda,1,28,01:44.0,25,,2022
Japan,2,11,Sergio Perez,Red Bull Racing Honda,4,28,27.066,18,,2022
Japan,3,16,Charles Leclerc,Ferrari,2,28,31.763,15,,2022
Japan,4,31,Esteban Ocon,Alpine Renault,5,28,39.685,12,,2022
Japan,5,44,Lewis Hamilton,Mercedes,6,28,40.326,10,,2022
Japan,6,5,Sebastian Vettel,Aston Martin Aramco Mercedes,9,28,46.358,8,,2022
Japan,7,14,Fernando Alonso,Alpine Renault,7,28,46.369,6,,2022
Japan,8,63,George Russell,Mercedes,8,28,47.661,4,,2022
Japan,9,6,Nicholas Latifi,Williams Mercedes,19,28,70.143,2,,2022
Japan,10,4,Lando Norris,McLaren Mercedes,10,28,70.782,1,,2022
Japan,11,3,Daniel Ricciardo,McLaren Mercedes,11,28,72.877,0,,2022
Japan,12,18,Lance Stroll,Aston Martin Aramco Mercedes,18,28,73.904,0,,2022
Japan,13,22,Yuki Tsunoda,AlphaTauri RBPT,13,28,75.599,0,,2022
Japan,14,20,Kevin Magnussen,Haas Ferrari,17,28,86.016,0,,2022
Japan,15,77,Valtteri Bottas,Alfa Romeo Ferrari,12,28,86.496,0,,2022
Japan,16,24,Guanyu Zhou,Alfa Romeo Ferrari,14,28,87.043,0,,2022
Japan,17,47,Mick Schumacher,Haas Ferrari,15,28,92.523,0,,2022
Japan,18,10,Pierre Gasly,AlphaTauri RBPT,20,28,108.091,0,,2022
Japan,NC,55,Carlos Sainz,Ferrari,3,0,DNF,0,,2022
Japan,NC,23,Alexander Albon,Williams Mercedes,16,0,DNF,0,,2022
United States,1,1,Max Verstappen,Red Bull Racing Honda,2,56,42:11.7,25,,2022
United States,2,44,Lewis Hamilton,Mercedes,3,56,5.023,18,,2022
United States,3,16,Charles Leclerc,Ferrari,12,56,7.501,15,,2022
United States,4,11,Sergio Perez,Red Bull Racing Honda,9,56,8.293,12,,2022
United States,5,63,George Russell,Mercedes,4,56,44.815,11,,2022
United States,6,4,Lando Norris,McLaren Mercedes,6,56,53.785,8,,2022
United States,7,14,Fernando Alonso,Alpine Renault,14,56,55.078,6,,2022
United States,8,5,Sebastian Vettel,Aston Martin Aramco Mercedes,10,56,65.354,4,,2022
United States,9,20,Kevin Magnussen,Haas Ferrari,13,56,65.834,2,,2022
United States,10,22,Yuki Tsunoda,AlphaTauri RBPT,19,56,70.919,1,,2022
United States,11,31,Esteban Ocon,Alpine Renault,20,56,72.875,0,,2022
United States,12,24,Guanyu Zhou,Alfa Romeo Ferrari,18,56,76.164,0,,2022
United States,13,23,Alexander Albon,Williams Mercedes,8,56,80.057,0,,2022
United States,14,10,Pierre Gasly,AlphaTauri RBPT,11,56,81.763,0,,2022
United States,15,47,Mick Schumacher,Haas Ferrari,16,56,84.49,0,,2022
United States,16,3,Daniel Ricciardo,McLaren Mercedes,15,56,90.487,0,,2022
United States,17,6,Nicholas Latifi,Williams Mercedes,17,56,103.588,0,,2022
United States,NC,18,Lance Stroll,Aston Martin Aramco Mercedes,5,21,DNF,0,,2022
United States,NC,77,Valtteri Bottas,Alfa Romeo Ferrari,7,16,DNF,0,,2022
United States,NC,55,Carlos Sainz,Ferrari,1,1,DNF,0,,2022
Mexico,1,1,Max Verstappen,Red Bull Racing Honda,1,71,38:36.7,25,,2022
Mexico,2,44,Lewis Hamilton,Mercedes,3,71,15.186,18,,2022
Mexico,3,11,Sergio Perez,Red Bull Racing Honda,4,71,18.097,15,,2022
Mexico,4,63,George Russell,Mercedes,2,71,49.431,13,,2022
Mexico,5,55,Carlos Sainz,Ferrari,5,71,58.123,10,,2022
Mexico,6,16,Charles Leclerc,Ferrari,7,71,68.774,8,,2022
Mexico,7,3,Daniel Ricciardo,McLaren Mercedes,11,70,+1 lap,6,,2022
Mexico,8,31,Esteban Ocon,Alpine Renault,10,70,+1 lap,4,,2022
Mexico,9,4,Lando Norris,McLaren Mercedes,8,70,+1 lap,2,,2022
Mexico,10,77,Valtteri Bottas,Alfa Romeo Ferrari,6,70,+1 lap,1,,2022
Mexico,11,10,Pierre Gasly,AlphaTauri RBPT,14,70,+1 lap,0,,2022
Mexico,12,23,Alexander Albon,Williams Mercedes,17,70,+1 lap,0,,2022
Mexico,13,24,Guanyu Zhou,Alfa Romeo Ferrari,12,70,+1 lap,0,,2022
Mexico,14,5,Sebastian Vettel,Aston Martin Aramco Mercedes,16,70,+1 lap,0,,2022
Mexico,15,18,Lance Stroll,Aston Martin Aramco Mercedes,20,70,+1 lap,0,,2022
Mexico,16,47,Mick Schumacher,Haas Ferrari,15,70,+1 lap,0,,2022
Mexico,17,20,Kevin Magnussen,Haas Ferrari,19,70,+1 lap,0,,2022
Mexico,18,6,Nicholas Latifi,Williams Mercedes,18,69,+2 laps,0,,2022
Mexico,19,14,Fernando Alonso,Alpine Renault,9,63,DNF,0,,2022
Mexico,NC,22,Yuki Tsunoda,AlphaTauri RBPT,13,50,DNF,0,,2022
Brazil,1,63,George Russell,Mercedes,1,71,38:34.0,26,,2022
Brazil,2,44,Lewis Hamilton,Mercedes,2,71,1.529,18,,2022
Brazil,3,55,Carlos Sainz,Ferrari,7,71,4.051,15,,2022
Brazil,4,16,Charles Leclerc,Ferrari,5,71,8.441,12,,2022
Brazil,5,14,Fernando Alonso,Alpine Renault,17,71,9.561,10,,2022
Brazil,6,1,Max Verstappen,Red Bull Racing Honda,3,71,10.056,8,,2022
Brazil,7,11,Sergio Perez,Red Bull Racing Honda,4,71,14.08,6,,2022
Brazil,8,31,Esteban Ocon,Alpine Renault,16,71,18.69,4,,2022
Brazil,9,77,Valtteri Bottas,Alfa Romeo Ferrari,14,71,22.552,2,,2022
Brazil,10,18,Lance Stroll,Aston Martin Aramco Mercedes,15,71,23.552,1,,2022
Brazil,11,5,Sebastian Vettel,Aston Martin Aramco Mercedes,9,71,26.183,0,,2022
Brazil,12,24,Guanyu Zhou,Alfa Romeo Ferrari,13,71,29.325,0,,2022
Brazil,13,47,Mick Schumacher,Haas Ferrari,12,71,29.899,0,,2022
Brazil,14,10,Pierre Gasly,AlphaTauri RBPT,10,71,31.867,0,,2022
Brazil,15,23,Alexander Albon,Williams Mercedes,19,71,36.016,0,,2022
Brazil,16,6,Nicholas Latifi,Williams Mercedes,18,71,37.038,0,,2022
Brazil,17,22,Yuki Tsunoda,AlphaTauri RBPT,20,71,+1 lap,0,,2022
Brazil,NC,4,Lando Norris,McLaren Mercedes,6,50,DNF,0,,2022
Brazil,NC,20,Kevin Magnussen,Haas Ferrari,8,0,DNF,0,,2022
Brazil,NC,3,Daniel Ricciardo,McLaren Mercedes,11,0,DNF,0,,2022
Abu Dhabi,1,1,Max Verstappen,Red Bull Racing Honda,1,58,27:45.9,25,,2022
Abu Dhabi,2,16,Charles Leclerc,Ferrari,3,58,8.771,18,,2022
Abu Dhabi,3,11,Sergio Perez,Red Bull Racing Honda,2,58,10.093,15,,2022
Abu Dhabi,4,55,Carlos Sainz,Ferrari,4,58,24.892,12,,2022
Abu Dhabi,5,63,George Russell,Mercedes,6,58,35.888,10,,2022
Abu Dhabi,6,4,Lando Norris,McLaren Mercedes,7,58,56.234,9,,2022
Abu Dhabi,7,31,Esteban Ocon,Alpine Renault,8,58,57.24,6,,2022
Abu Dhabi,8,18,Lance Stroll,Aston Martin Aramco Mercedes,14,58,76.931,4,,2022
Abu Dhabi,9,3,Daniel Ricciardo,McLaren Mercedes,13,58,83.268,2,,2022
Abu Dhabi,10,5,Sebastian Vettel,Aston Martin Aramco Mercedes,9,58,83.898,1,,2022
Abu Dhabi,11,22,Yuki Tsunoda,AlphaTauri RBPT,11,58,89.371,0,,2022
Abu Dhabi,12,24,Guanyu Zhou,Alfa Romeo Ferrari,15,57,+1 lap,0,,2022
Abu Dhabi,13,23,Alexander Albon,Williams Mercedes,19,57,+1 lap,0,,2022
Abu Dhabi,14,10,Pierre Gasly,AlphaTauri RBPT,17,57,+1 lap,0,,2022
Abu Dhabi,15,77,Valtteri Bottas,Alfa Romeo Ferrari,18,57,+1 lap,0,,2022
Abu Dhabi,16,47,Mick Schumacher,Haas Ferrari,12,57,+1 lap,0,,2022
Abu Dhabi,17,20,Kevin Magnussen,Haas Ferrari,16,57,+1 lap,0,,2022
Abu Dhabi,18,44,Lewis Hamilton,Mercedes,5,55,DNF,0,,2022
Abu Dhabi,19,6,Nicholas Latifi,Williams Mercedes,20,55,DNF,0,,2022
Abu Dhabi,NC,14,Fernando Alonso,Alpine Renault,10,27,DNF,0,,2022
